date,item_id,starting_stock,wastage_units,reorder_threshold,supplier_lead_days
2025-09-01,ITEM_01,212,1,51,1
2025-09-01,ITEM_02,100,1,24,2
2025-09-01,ITEM_03,87,2,21,2
2025-09-01,ITEM_04,125,1,30,1
2025-09-01,ITEM_05,150,0,36,1
2025-09-01,ITEM_06,37,4,9,2
2025-09-01,ITEM_07,62,3,15,2
2025-09-01,ITEM_08,75,6,18,2
2025-09-02,ITEM_01,212,2,51,1
2025-09-02,ITEM_02,100,22,24,2
2025-09-02,ITEM_03,87,7,21,2
2025-09-02,ITEM_04,125,2,30,1
2025-09-02,ITEM_05,150,1,36,1
2025-09-02,ITEM_06,37,1,9,2
2025-09-02,ITEM_07,62,2,15,2
2025-09-02,ITEM_08,75,3,18,2
2025-09-03,ITEM_01,212,0,51,1
2025-09-03,ITEM_02,100,1,24,2
2025-09-03,ITEM_03,87,2,21,2
2025-09-03,ITEM_04,125,1,30,1
2025-09-03,ITEM_05,150,3,36,1
2025-09-03,ITEM_06,37,3,9,2
2025-09-03,ITEM_07,62,4,15,2
2025-09-03,ITEM_08,75,2,18,2
2025-09-04,ITEM_01,212,3,51,1
2025-09-04,ITEM_02,100,20,24,2
2025-09-04,ITEM_03,87,3,21,2
2025-09-04,ITEM_04,125,2,30,1
2025-09-04,ITEM_05,150,1,36,1
2025-09-04,ITEM_06,37,2,9,2
2025-09-04,ITEM_07,62,2,15,2
2025-09-04,ITEM_08,75,5,18,2
2025-09-05,ITEM_01,212,0,51,1
2025-09-05,ITEM_02,100,3,24,2
2025-09-05,ITEM_03,87,1,21,2
2025-09-05,ITEM_04,125,4,30,1
2025-09-05,ITEM_05,150,2,36,1
2025-09-05,ITEM_06,37,4,9,2
2025-09-05,ITEM_07,62,0,15,2
2025-09-05,ITEM_08,75,2,18,2
2025-09-06,ITEM_01,212,1,51,1
2025-09-06,ITEM_02,100,4,24,2
2025-09-06,ITEM_03,87,0,21,2
2025-09-06,ITEM_04,125,1,30,1
2025-09-06,ITEM_05,150,3,36,1
2025-09-06,ITEM_06,37,2,9,2
2025-09-06,ITEM_07,62,2,15,2
2025-09-06,ITEM_08,75,1,18,2
2025-09-07,ITEM_01,212,1,51,1
2025-09-07,ITEM_02,100,3,24,2
2025-09-07,ITEM_03,87,2,21,2
2025-09-07,ITEM_04,125,1,30,1
2025-09-07,ITEM_05,150,4,36,1
2025-09-07,ITEM_06,37,3,9,2
2025-09-07,ITEM_07,62,3,15,2
2025-09-07,ITEM_08,75,1,18,2
2025-09-08,ITEM_01,212,3,51,1
2025-09-08,ITEM_02,100,0,24,2
2025-09-08,ITEM_03,87,1,21,2
2025-09-08,ITEM_04,125,1,30,1
2025-09-08,ITEM_05,150,2,36,1
2025-09-08,ITEM_06,37,1,9,2
2025-09-08,ITEM_07,62,1,15,2
2025-09-08,ITEM_08,75,0,18,2
2025-09-09,ITEM_01,212,2,51,1
2025-09-09,ITEM_02,100,0,24,2
2025-09-09,ITEM_03,87,4,21,2
2025-09-09,ITEM_04,125,0,30,1
2025-09-09,ITEM_05,150,2,36,1
2025-09-09,ITEM_06,37,2,9,2
2025-09-09,ITEM_07,62,6,15,2
2025-09-09,ITEM_08,75,2,18,2
2025-09-10,ITEM_01,212,0,51,1
2025-09-10,ITEM_02,100,5,24,2
2025-09-10,ITEM_03,87,1,21,2
2025-09-10,ITEM_04,125,4,30,1
2025-09-10,ITEM_05,150,1,36,1
2025-09-10,ITEM_06,37,3,9,2
2025-09-10,ITEM_07,62,2,15,2
2025-09-10,ITEM_08,75,2,18,2
2025-09-11,ITEM_01,212,3,51,1
2025-09-11,ITEM_02,100,1,24,2
2025-09-11,ITEM_03,87,2,21,2
2025-09-11,ITEM_04,125,2,30,1
2025-09-11,ITEM_05,150,2,36,1
2025-09-11,ITEM_06,37,0,9,2
2025-09-11,ITEM_07,62,0,15,2
2025-09-11,ITEM_08,75,1,18,2
2025-09-12,ITEM_01,212,5,51,1
2025-09-12,ITEM_02,100,1,24,2
2025-09-12,ITEM_03,87,3,21,2
2025-09-12,ITEM_04,125,1,30,1
2025-09-12,ITEM_05,150,4,36,1
2025-09-12,ITEM_06,37,2,9,2
2025-09-12,ITEM_07,62,1,15,2
2025-09-12,ITEM_08,75,1,18,2
2025-09-13,ITEM_01,212,3,51,1
2025-09-13,ITEM_02,100,2,24,2
2025-09-13,ITEM_03,87,0,21,2
2025-09-13,ITEM_04,125,1,30,1
2025-09-13,ITEM_05,150,3,36,1
2025-09-13,ITEM_06,37,2,9,2
2025-09-13,ITEM_07,62,2,15,2
2025-09-13,ITEM_08,75,1,18,2
2025-09-14,ITEM_01,212,1,51,1
2025-09-14,ITEM_02,100,4,24,2
2025-09-14,ITEM_03,87,2,21,2
2025-09-14,ITEM_04,125,1,30,1
2025-09-14,ITEM_05,150,2,36,1
2025-09-14,ITEM_06,37,6,9,2
2025-09-14,ITEM_07,62,30,15,2
2025-09-14,ITEM_08,75,1,18,2
2025-09-15,ITEM_01,212,2,51,1
2025-09-15,ITEM_02,100,3,24,2
2025-09-15,ITEM_03,87,0,21,2
2025-09-15,ITEM_04,125,1,30,1
2025-09-15,ITEM_05,150,1,36,1
2025-09-15,ITEM_06,37,2,9,2
2025-09-15,ITEM_07,62,2,15,2
2025-09-15,ITEM_08,75,1,18,2
2025-09-16,ITEM_01,212,5,51,1
2025-09-16,ITEM_02,100,2,24,2
2025-09-16,ITEM_03,87,5,21,2
2025-09-16,ITEM_04,125,3,30,1
2025-09-16,ITEM_05,150,2,36,1
2025-09-16,ITEM_06,37,3,9,2
2025-09-16,ITEM_07,62,1,15,2
2025-09-16,ITEM_08,75,2,18,2
2025-09-17,ITEM_01,212,4,51,1
2025-09-17,ITEM_02,100,1,24,2
2025-09-17,ITEM_03,87,4,21,2
2025-09-17,ITEM_04,125,2,30,1
2025-09-17,ITEM_05,150,3,36,1
2025-09-17,ITEM_06,37,2,9,2
2025-09-17,ITEM_07,62,2,15,2
2025-09-17,ITEM_08,75,0,18,2
2025-09-18,ITEM_01,212,3,51,1
2025-09-18,ITEM_02,100,7,24,2
2025-09-18,ITEM_03,87,2,21,2
2025-09-18,ITEM_04,125,3,30,1
2025-09-18,ITEM_05,150,3,36,1
2025-09-18,ITEM_06,37,4,9,2
2025-09-18,ITEM_07,62,0,15,2
2025-09-18,ITEM_08,75,0,18,2
2025-09-19,ITEM_01,212,1,51,1
2025-09-19,ITEM_02,100,0,24,2
2025-09-19,ITEM_03,87,2,21,2
2025-09-19,ITEM_04,125,32,30,1
2025-09-19,ITEM_05,150,4,36,1
2025-09-19,ITEM_06,37,1,9,2
2025-09-19,ITEM_07,62,3,15,2
2025-09-19,ITEM_08,75,2,18,2
2025-09-20,ITEM_01,212,1,51,1
2025-09-20,ITEM_02,100,3,24,2
2025-09-20,ITEM_03,87,0,21,2
2025-09-20,ITEM_04,125,3,30,1
2025-09-20,ITEM_05,150,8,36,1
2025-09-20,ITEM_06,37,2,9,2
2025-09-20,ITEM_07,62,3,15,2
2025-09-20,ITEM_08,75,2,18,2
2025-09-21,ITEM_01,212,4,51,1
2025-09-21,ITEM_02,100,2,24,2
2025-09-21,ITEM_03,87,3,21,2
2025-09-21,ITEM_04,125,2,30,1
2025-09-21,ITEM_05,150,1,36,1
2025-09-21,ITEM_06,37,0,9,2
2025-09-21,ITEM_07,62,3,15,2
2025-09-21,ITEM_08,75,2,18,2
2025-09-22,ITEM_01,212,2,51,1
2025-09-22,ITEM_02,100,3,24,2
2025-09-22,ITEM_03,87,0,21,2
2025-09-22,ITEM_04,125,1,30,1
2025-09-22,ITEM_05,150,1,36,1
2025-09-22,ITEM_06,37,2,9,2
2025-09-22,ITEM_07,62,1,15,2
2025-09-22,ITEM_08,75,0,18,2
2025-09-23,ITEM_01,212,0,51,1
2025-09-23,ITEM_02,100,2,24,2
2025-09-23,ITEM_03,87,1,21,2
2025-09-23,ITEM_04,125,4,30,1
2025-09-23,ITEM_05,150,2,36,1
2025-09-23,ITEM_06,37,3,9,2
2025-09-23,ITEM_07,62,4,15,2
2025-09-23,ITEM_08,75,0,18,2
2025-09-24,ITEM_01,212,24,51,1
2025-09-24,ITEM_02,100,1,24,2
2025-09-24,ITEM_03,87,2,21,2
2025-09-24,ITEM_04,125,2,30,1
2025-09-24,ITEM_05,150,0,36,1
2025-09-24,ITEM_06,37,3,9,2
2025-09-24,ITEM_07,62,3,15,2
2025-09-24,ITEM_08,75,2,18,2
2025-09-25,ITEM_01,212,2,51,1
2025-09-25,ITEM_02,100,4,24,2
2025-09-25,ITEM_03,87,0,21,2
2025-09-25,ITEM_04,125,2,30,1
2025-09-25,ITEM_05,150,2,36,1
2025-09-25,ITEM_06,37,1,9,2
2025-09-25,ITEM_07,62,3,15,2
2025-09-25,ITEM_08,75,2,18,2
2025-09-26,ITEM_01,212,2,51,1
2025-09-26,ITEM_02,100,3,24,2
2025-09-26,ITEM_03,87,3,21,2
2025-09-26,ITEM_04,125,2,30,1
2025-09-26,ITEM_05,150,2,36,1
2025-09-26,ITEM_06,37,6,9,2
2025-09-26,ITEM_07,62,3,15,2
2025-09-26,ITEM_08,75,1,18,2
2025-09-27,ITEM_01,212,1,51,1
2025-09-27,ITEM_02,100,3,24,2
2025-09-27,ITEM_03,87,0,21,2
2025-09-27,ITEM_04,125,2,30,1
2025-09-27,ITEM_05,150,1,36,1
2025-09-27,ITEM_06,37,3,9,2
2025-09-27,ITEM_07,62,3,15,2
2025-09-27,ITEM_08,75,1,18,2
2025-09-28,ITEM_01,212,1,51,1
2025-09-28,ITEM_02,100,1,24,2
2025-09-28,ITEM_03,87,2,21,2
2025-09-28,ITEM_04,125,3,30,1
2025-09-28,ITEM_05,150,4,36,1
2025-09-28,ITEM_06,37,2,9,2
2025-09-28,ITEM_07,62,2,15,2
2025-09-28,ITEM_08,75,1,18,2
2025-09-29,ITEM_01,212,3,51,1
2025-09-29,ITEM_02,100,2,24,2
2025-09-29,ITEM_03,87,1,21,2
2025-09-29,ITEM_04,125,1,30,1
2025-09-29,ITEM_05,150,2,36,1
2025-09-29,ITEM_06,37,2,9,2
2025-09-29,ITEM_07,62,1,15,2
2025-09-29,ITEM_08,75,1,18,2
2025-09-30,ITEM_01,212,2,51,1
2025-09-30,ITEM_02,100,3,24,2
2025-09-30,ITEM_03,87,0,21,2
2025-09-30,ITEM_04,125,2,30,1
2025-09-30,ITEM_05,150,1,36,1
2025-09-30,ITEM_06,37,1,9,2
2025-09-30,ITEM_07,62,2,15,2
2025-09-30,ITEM_08,75,4,18,2
2025-10-01,ITEM_01,212,2,51,1
2025-10-01,ITEM_02,100,1,24,2
2025-10-01,ITEM_03,87,0,21,2
2025-10-01,ITEM_04,125,2,30,1
2025-10-01,ITEM_05,150,3,36,1
2025-10-01,ITEM_06,37,1,9,2
2025-10-01,ITEM_07,62,2,15,2
2025-10-01,ITEM_08,75,22,18,2
2025-10-02,ITEM_01,212,0,51,1
2025-10-02,ITEM_02,100,2,24,2
2025-10-02,ITEM_03,87,0,21,2
2025-10-02,ITEM_04,125,0,30,1
2025-10-02,ITEM_05,150,0,36,1
2025-10-02,ITEM_06,37,1,9,2
2025-10-02,ITEM_07,62,4,15,2
2025-10-02,ITEM_08,75,2,18,2
2025-10-03,ITEM_01,212,5,51,1
2025-10-03,ITEM_02,100,3,24,2
2025-10-03,ITEM_03,87,4,21,2
2025-10-03,ITEM_04,125,4,30,1
2025-10-03,ITEM_05,150,3,36,1
2025-10-03,ITEM_06,37,0,9,2
2025-10-03,ITEM_07,62,4,15,2
2025-10-03,ITEM_08,75,2,18,2
2025-10-04,ITEM_01,212,2,51,1
2025-10-04,ITEM_02,100,3,24,2
2025-10-04,ITEM_03,87,4,21,2
2025-10-04,ITEM_04,125,0,30,1
2025-10-04,ITEM_05,150,3,36,1
2025-10-04,ITEM_06,37,2,9,2
2025-10-04,ITEM_07,62,2,15,2
2025-10-04,ITEM_08,75,3,18,2
2025-10-05,ITEM_01,212,3,51,1
2025-10-05,ITEM_02,100,1,24,2
2025-10-05,ITEM_03,87,2,21,2
2025-10-05,ITEM_04,125,0,30,1
2025-10-05,ITEM_05,150,0,36,1
2025-10-05,ITEM_06,37,1,9,2
2025-10-05,ITEM_07,62,1,15,2
2025-10-05,ITEM_08,75,2,18,2
2025-10-06,ITEM_01,212,1,51,1
2025-10-06,ITEM_02,100,2,24,2
2025-10-06,ITEM_03,87,2,21,2
2025-10-06,ITEM_04,125,3,30,1
2025-10-06,ITEM_05,150,2,36,1
2025-10-06,ITEM_06,37,25,9,2
2025-10-06,ITEM_07,62,1,15,2
2025-10-06,ITEM_08,75,1,18,2
2025-10-07,ITEM_01,212,2,51,1
2025-10-07,ITEM_02,100,2,24,2
2025-10-07,ITEM_03,87,2,21,2
2025-10-07,ITEM_04,125,4,30,1
2025-10-07,ITEM_05,150,3,36,1
2025-10-07,ITEM_06,37,2,9,2
2025-10-07,ITEM_07,62,5,15,2
2025-10-07,ITEM_08,75,1,18,2
2025-10-08,ITEM_01,212,1,51,1
2025-10-08,ITEM_02,100,3,24,2
2025-10-08,ITEM_03,87,22,21,2
2025-10-08,ITEM_04,125,2,30,1
2025-10-08,ITEM_05,150,3,36,1
2025-10-08,ITEM_06,37,3,9,2
2025-10-08,ITEM_07,62,2,15,2
2025-10-08,ITEM_08,75,0,18,2
2025-10-09,ITEM_01,212,1,51,1
2025-10-09,ITEM_02,100,1,24,2
2025-10-09,ITEM_03,87,1,21,2
2025-10-09,ITEM_04,125,2,30,1
2025-10-09,ITEM_05,150,3,36,1
2025-10-09,ITEM_06,37,0,9,2
2025-10-09,ITEM_07,62,2,15,2
2025-10-09,ITEM_08,75,4,18,2
2025-10-10,ITEM_01,212,4,51,1
2025-10-10,ITEM_02,100,1,24,2
2025-10-10,ITEM_03,87,1,21,2
2025-10-10,ITEM_04,125,1,30,1
2025-10-10,ITEM_05,150,2,36,1
2025-10-10,ITEM_06,37,3,9,2
2025-10-10,ITEM_07,62,3,15,2
2025-10-10,ITEM_08,75,0,18,2
2025-10-11,ITEM_01,212,2,51,1
2025-10-11,ITEM_02,100,0,24,2
2025-10-11,ITEM_03,87,2,21,2
2025-10-11,ITEM_04,125,2,30,1
2025-10-11,ITEM_05,150,1,36,1
2025-10-11,ITEM_06,37,0,9,2
2025-10-11,ITEM_07,62,3,15,2
2025-10-11,ITEM_08,75,5,18,2
2025-10-12,ITEM_01,212,1,51,1
2025-10-12,ITEM_02,100,1,24,2
2025-10-12,ITEM_03,87,1,21,2
2025-10-12,ITEM_04,125,2,30,1
2025-10-12,ITEM_05,150,2,36,1
2025-10-12,ITEM_06,37,0,9,2
2025-10-12,ITEM_07,62,31,15,2
2025-10-12,ITEM_08,75,0,18,2
2025-10-13,ITEM_01,212,4,51,1
2025-10-13,ITEM_02,100,2,24,2
2025-10-13,ITEM_03,87,1,21,2
2025-10-13,ITEM_04,125,1,30,1
2025-10-13,ITEM_05,150,0,36,1
2025-10-13,ITEM_06,37,2,9,2
2025-10-13,ITEM_07,62,2,15,2
2025-10-13,ITEM_08,75,4,18,2
2025-10-14,ITEM_01,212,2,51,1
2025-10-14,ITEM_02,100,1,24,2
2025-10-14,ITEM_03,87,0,21,2
2025-10-14,ITEM_04,125,3,30,1
2025-10-14,ITEM_05,150,0,36,1
2025-10-14,ITEM_06,37,2,9,2
2025-10-14,ITEM_07,62,2,15,2
2025-10-14,ITEM_08,75,0,18,2
2025-10-15,ITEM_01,212,1,51,1
2025-10-15,ITEM_02,100,2,24,2
2025-10-15,ITEM_03,87,0,21,2
2025-10-15,ITEM_04,125,1,30,1
2025-10-15,ITEM_05,150,2,36,1
2025-10-15,ITEM_06,37,0,9,2
2025-10-15,ITEM_07,62,3,15,2
2025-10-15,ITEM_08,75,4,18,2
2025-10-16,ITEM_01,212,4,51,1
2025-10-16,ITEM_02,100,4,24,2
2025-10-16,ITEM_03,87,3,21,2
2025-10-16,ITEM_04,125,3,30,1
2025-10-16,ITEM_05,150,1,36,1
2025-10-16,ITEM_06,37,5,9,2
2025-10-16,ITEM_07,62,0,15,2
2025-10-16,ITEM_08,75,2,18,2
2025-10-17,ITEM_01,212,1,51,1
2025-10-17,ITEM_02,100,3,24,2
2025-10-17,ITEM_03,87,0,21,2
2025-10-17,ITEM_04,125,2,30,1
2025-10-17,ITEM_05,150,4,36,1
2025-10-17,ITEM_06,37,3,9,2
2025-10-17,ITEM_07,62,1,15,2
2025-10-17,ITEM_08,75,1,18,2
2025-10-18,ITEM_01,212,4,51,1
2025-10-18,ITEM_02,100,2,24,2
2025-10-18,ITEM_03,87,0,21,2
2025-10-18,ITEM_04,125,1,30,1
2025-10-18,ITEM_05,150,6,36,1
2025-10-18,ITEM_06,37,19,9,2
2025-10-18,ITEM_07,62,5,15,2
2025-10-18,ITEM_08,75,2,18,2
2025-10-19,ITEM_01,212,1,51,1
2025-10-19,ITEM_02,100,1,24,2
2025-10-19,ITEM_03,87,2,21,2
2025-10-19,ITEM_04,125,2,30,1
2025-10-19,ITEM_05,150,1,36,1
2025-10-19,ITEM_06,37,2,9,2
2025-10-19,ITEM_07,62,2,15,2
2025-10-19,ITEM_08,75,0,18,2
2025-10-20,ITEM_01,212,2,51,1
2025-10-20,ITEM_02,100,5,24,2
2025-10-20,ITEM_03,87,2,21,2
2025-10-20,ITEM_04,125,3,30,1
2025-10-20,ITEM_05,150,2,36,1
2025-10-20,ITEM_06,37,0,9,2
2025-10-20,ITEM_07,62,1,15,2
2025-10-20,ITEM_08,75,3,18,2
2025-10-21,ITEM_01,212,2,51,1
2025-10-21,ITEM_02,100,3,24,2
2025-10-21,ITEM_03,87,2,21,2
2025-10-21,ITEM_04,125,2,30,1
2025-10-21,ITEM_05,150,5,36,1
2025-10-21,ITEM_06,37,1,9,2
2025-10-21,ITEM_07,62,2,15,2
2025-10-21,ITEM_08,75,0,18,2
2025-10-22,ITEM_01,212,3,51,1
2025-10-22,ITEM_02,100,2,24,2
2025-10-22,ITEM_03,87,2,21,2
2025-10-22,ITEM_04,125,1,30,1
2025-10-22,ITEM_05,150,2,36,1
2025-10-22,ITEM_06,37,2,9,2
2025-10-22,ITEM_07,62,3,15,2
2025-10-22,ITEM_08,75,1,18,2
2025-10-23,ITEM_01,212,3,51,1
2025-10-23,ITEM_02,100,1,24,2
2025-10-23,ITEM_03,87,0,21,2
2025-10-23,ITEM_04,125,0,30,1
2025-10-23,ITEM_05,150,3,36,1
2025-10-23,ITEM_06,37,3,9,2
2025-10-23,ITEM_07,62,2,15,2
2025-10-23,ITEM_08,75,3,18,2
2025-10-24,ITEM_01,212,2,51,1
2025-10-24,ITEM_02,100,3,24,2
2025-10-24,ITEM_03,87,1,21,2
2025-10-24,ITEM_04,125,3,30,1
2025-10-24,ITEM_05,150,1,36,1
2025-10-24,ITEM_06,37,1,9,2
2025-10-24,ITEM_07,62,4,15,2
2025-10-24,ITEM_08,75,2,18,2
2025-10-25,ITEM_01,212,1,51,1
2025-10-25,ITEM_02,100,3,24,2
2025-10-25,ITEM_03,87,1,21,2
2025-10-25,ITEM_04,125,2,30,1
2025-10-25,ITEM_05,150,2,36,1
2025-10-25,ITEM_06,37,0,9,2
2025-10-25,ITEM_07,62,5,15,2
2025-10-25,ITEM_08,75,2,18,2
2025-10-26,ITEM_01,212,0,51,1
2025-10-26,ITEM_02,100,1,24,2
2025-10-26,ITEM_03,87,1,21,2
2025-10-26,ITEM_04,125,2,30,1
2025-10-26,ITEM_05,150,3,36,1
2025-10-26,ITEM_06,37,1,9,2
2025-10-26,ITEM_07,62,2,15,2
2025-10-26,ITEM_08,75,3,18,2
2025-10-27,ITEM_01,212,3,51,1
2025-10-27,ITEM_02,100,2,24,2
2025-10-27,ITEM_03,87,0,21,2
2025-10-27,ITEM_04,125,4,30,1
2025-10-27,ITEM_05,150,4,36,1
2025-10-27,ITEM_06,37,0,9,2
2025-10-27,ITEM_07,62,5,15,2
2025-10-27,ITEM_08,75,1,18,2
2025-10-28,ITEM_01,212,4,51,1
2025-10-28,ITEM_02,100,1,24,2
2025-10-28,ITEM_03,87,1,21,2
2025-10-28,ITEM_04,125,3,30,1
2025-10-28,ITEM_05,150,1,36,1
2025-10-28,ITEM_06,37,4,9,2
2025-10-28,ITEM_07,62,1,15,2
2025-10-28,ITEM_08,75,0,18,2
2025-10-29,ITEM_01,212,5,51,1
2025-10-29,ITEM_02,100,5,24,2
2025-10-29,ITEM_03,87,3,21,2
2025-10-29,ITEM_04,125,2,30,1
2025-10-29,ITEM_05,150,4,36,1
2025-10-29,ITEM_06,37,4,9,2
2025-10-29,ITEM_07,62,0,15,2
2025-10-29,ITEM_08,75,2,18,2
2025-10-30,ITEM_01,212,1,51,1
2025-10-30,ITEM_02,100,3,24,2
2025-10-30,ITEM_03,87,4,21,2
2025-10-30,ITEM_04,125,3,30,1
2025-10-30,ITEM_05,150,3,36,1
2025-10-30,ITEM_06,37,4,9,2
2025-10-30,ITEM_07,62,0,15,2
2025-10-30,ITEM_08,75,3,18,2
2025-10-31,ITEM_01,212,1,51,1
2025-10-31,ITEM_02,100,1,24,2
2025-10-31,ITEM_03,87,1,21,2
2025-10-31,ITEM_04,125,1,30,1
2025-10-31,ITEM_05,150,1,36,1
2025-10-31,ITEM_06,37,2,9,2
2025-10-31,ITEM_07,62,3,15,2
2025-10-31,ITEM_08,75,4,18,2
2025-11-01,ITEM_01,212,3,51,1
2025-11-01,ITEM_02,100,1,24,2
2025-11-01,ITEM_03,87,1,21,2
2025-11-01,ITEM_04,125,1,30,1
2025-11-01,ITEM_05,150,3,36,1
2025-11-01,ITEM_06,37,0,9,2
2025-11-01,ITEM_07,62,1,15,2
2025-11-01,ITEM_08,75,0,18,2
2025-11-02,ITEM_01,212,2,51,1
2025-11-02,ITEM_02,100,1,24,2
2025-11-02,ITEM_03,87,1,21,2
2025-11-02,ITEM_04,125,3,30,1
2025-11-02,ITEM_05,150,3,36,1
2025-11-02,ITEM_06,37,1,9,2
2025-11-02,ITEM_07,62,0,15,2
2025-11-02,ITEM_08,75,2,18,2
2025-11-03,ITEM_01,212,3,51,1
2025-11-03,ITEM_02,100,2,24,2
2025-11-03,ITEM_03,87,2,21,2
2025-11-03,ITEM_04,125,2,30,1
2025-11-03,ITEM_05,150,1,36,1
2025-11-03,ITEM_06,37,3,9,2
2025-11-03,ITEM_07,62,2,15,2
2025-11-03,ITEM_08,75,5,18,2
2025-11-04,ITEM_01,212,5,51,1
2025-11-04,ITEM_02,100,2,24,2
2025-11-04,ITEM_03,87,2,21,2
2025-11-04,ITEM_04,125,4,30,1
2025-11-04,ITEM_05,150,0,36,1
2025-11-04,ITEM_06,37,29,9,2
2025-11-04,ITEM_07,62,2,15,2
2025-11-04,ITEM_08,75,2,18,2
2025-11-05,ITEM_01,212,16,51,1
2025-11-05,ITEM_02,100,3,24,2
2025-11-05,ITEM_03,87,0,21,2
2025-11-05,ITEM_04,125,1,30,1
2025-11-05,ITEM_05,150,1,36,1
2025-11-05,ITEM_06,37,0,9,2
2025-11-05,ITEM_07,62,2,15,2
2025-11-05,ITEM_08,75,2,18,2
2025-11-06,ITEM_01,212,2,51,1
2025-11-06,ITEM_02,100,2,24,2
2025-11-06,ITEM_03,87,1,21,2
2025-11-06,ITEM_04,125,3,30,1
2025-11-06,ITEM_05,150,3,36,1
2025-11-06,ITEM_06,37,3,9,2
2025-11-06,ITEM_07,62,2,15,2
2025-11-06,ITEM_08,75,4,18,2
2025-11-07,ITEM_01,212,0,51,1
2025-11-07,ITEM_02,100,0,24,2
2025-11-07,ITEM_03,87,2,21,2
2025-11-07,ITEM_04,125,1,30,1
2025-11-07,ITEM_05,150,0,36,1
2025-11-07,ITEM_06,37,3,9,2
2025-11-07,ITEM_07,62,1,15,2
2025-11-07,ITEM_08,75,3,18,2
2025-11-08,ITEM_01,212,1,51,1
2025-11-08,ITEM_02,100,1,24,2
2025-11-08,ITEM_03,87,2,21,2
2025-11-08,ITEM_04,125,2,30,1
2025-11-08,ITEM_05,150,1,36,1
2025-11-08,ITEM_06,37,0,9,2
2025-11-08,ITEM_07,62,3,15,2
2025-11-08,ITEM_08,75,4,18,2
2025-11-09,ITEM_01,212,4,51,1
2025-11-09,ITEM_02,100,2,24,2
2025-11-09,ITEM_03,87,2,21,2
2025-11-09,ITEM_04,125,0,30,1
2025-11-09,ITEM_05,150,0,36,1
2025-11-09,ITEM_06,37,3,9,2
2025-11-09,ITEM_07,62,2,15,2
2025-11-09,ITEM_08,75,1,18,2
2025-11-10,ITEM_01,212,3,51,1
2025-11-10,ITEM_02,100,1,24,2
2025-11-10,ITEM_03,87,2,21,2
2025-11-10,ITEM_04,125,1,30,1
2025-11-10,ITEM_05,150,1,36,1
2025-11-10,ITEM_06,37,5,9,2
2025-11-10,ITEM_07,62,1,15,2
2025-11-10,ITEM_08,75,2,18,2
2025-11-11,ITEM_01,212,1,51,1
2025-11-11,ITEM_02,100,1,24,2
2025-11-11,ITEM_03,87,2,21,2
2025-11-11,ITEM_04,125,0,30,1
2025-11-11,ITEM_05,150,4,36,1
2025-11-11,ITEM_06,37,1,9,2
2025-11-11,ITEM_07,62,5,15,2
2025-11-11,ITEM_08,75,2,18,2
2025-11-12,ITEM_01,212,0,51,1
2025-11-12,ITEM_02,100,2,24,2
2025-11-12,ITEM_03,87,5,21,2
2025-11-12,ITEM_04,125,3,30,1
2025-11-12,ITEM_05,150,2,36,1
2025-11-12,ITEM_06,37,2,9,2
2025-11-12,ITEM_07,62,1,15,2
2025-11-12,ITEM_08,75,2,18,2
2025-11-13,ITEM_01,212,1,51,1
2025-11-13,ITEM_02,100,2,24,2
2025-11-13,ITEM_03,87,1,21,2
2025-11-13,ITEM_04,125,4,30,1
2025-11-13,ITEM_05,150,1,36,1
2025-11-13,ITEM_06,37,1,9,2
2025-11-13,ITEM_07,62,4,15,2
2025-11-13,ITEM_08,75,2,18,2
2025-11-14,ITEM_01,212,23,51,1
2025-11-14,ITEM_02,100,2,24,2
2025-11-14,ITEM_03,87,2,21,2
2025-11-14,ITEM_04,125,0,30,1
2025-11-14,ITEM_05,150,2,36,1
2025-11-14,ITEM_06,37,0,9,2
2025-11-14,ITEM_07,62,2,15,2
2025-11-14,ITEM_08,75,2,18,2
2025-11-15,ITEM_01,212,0,51,1
2025-11-15,ITEM_02,100,1,24,2
2025-11-15,ITEM_03,87,5,21,2
2025-11-15,ITEM_04,125,2,30,1
2025-11-15,ITEM_05,150,0,36,1
2025-11-15,ITEM_06,37,19,9,2
2025-11-15,ITEM_07,62,1,15,2
2025-11-15,ITEM_08,75,1,18,2
2025-11-16,ITEM_01,212,4,51,1
2025-11-16,ITEM_02,100,1,24,2
2025-11-16,ITEM_03,87,1,21,2
2025-11-16,ITEM_04,125,3,30,1
2025-11-16,ITEM_05,150,0,36,1
2025-11-16,ITEM_06,37,0,9,2
2025-11-16,ITEM_07,62,3,15,2
2025-11-16,ITEM_08,75,1,18,2
2025-11-17,ITEM_01,212,2,51,1
2025-11-17,ITEM_02,100,2,24,2
2025-11-17,ITEM_03,87,2,21,2
2025-11-17,ITEM_04,125,1,30,1
2025-11-17,ITEM_05,150,2,36,1
2025-11-17,ITEM_06,37,3,9,2
2025-11-17,ITEM_07,62,2,15,2
2025-11-17,ITEM_08,75,1,18,2
2025-11-18,ITEM_01,212,3,51,1
2025-11-18,ITEM_02,100,6,24,2
2025-11-18,ITEM_03,87,0,21,2
2025-11-18,ITEM_04,125,0,30,1
2025-11-18,ITEM_05,150,5,36,1
2025-11-18,ITEM_06,37,1,9,2
2025-11-18,ITEM_07,62,1,15,2
2025-11-18,ITEM_08,75,1,18,2
2025-11-19,ITEM_01,212,1,51,1
2025-11-19,ITEM_02,100,3,24,2
2025-11-19,ITEM_03,87,3,21,2
2025-11-19,ITEM_04,125,2,30,1
2025-11-19,ITEM_05,150,3,36,1
2025-11-19,ITEM_06,37,1,9,2
2025-11-19,ITEM_07,62,2,15,2
2025-11-19,ITEM_08,75,3,18,2
2025-11-20,ITEM_01,212,1,51,1
2025-11-20,ITEM_02,100,1,24,2
2025-11-20,ITEM_03,87,1,21,2
2025-11-20,ITEM_04,125,2,30,1
2025-11-20,ITEM_05,150,0,36,1
2025-11-20,ITEM_06,37,2,9,2
2025-11-20,ITEM_07,62,3,15,2
2025-11-20,ITEM_08,75,3,18,2
2025-11-21,ITEM_01,212,2,51,1
2025-11-21,ITEM_02,100,3,24,2
2025-11-21,ITEM_03,87,3,21,2
2025-11-21,ITEM_04,125,1,30,1
2025-11-21,ITEM_05,150,2,36,1
2025-11-21,ITEM_06,37,2,9,2
2025-11-21,ITEM_07,62,4,15,2
2025-11-21,ITEM_08,75,2,18,2
2025-11-22,ITEM_01,212,3,51,1
2025-11-22,ITEM_02,100,3,24,2
2025-11-22,ITEM_03,87,1,21,2
2025-11-22,ITEM_04,125,2,30,1
2025-11-22,ITEM_05,150,1,36,1
2025-11-22,ITEM_06,37,5,9,2
2025-11-22,ITEM_07,62,2,15,2
2025-11-22,ITEM_08,75,2,18,2
2025-11-23,ITEM_01,212,3,51,1
2025-11-23,ITEM_02,100,3,24,2
2025-11-23,ITEM_03,87,5,21,2
2025-11-23,ITEM_04,125,5,30,1
2025-11-23,ITEM_05,150,2,36,1
2025-11-23,ITEM_06,37,3,9,2
2025-11-23,ITEM_07,62,2,15,2
2025-11-23,ITEM_08,75,0,18,2
2025-11-24,ITEM_01,212,1,51,1
2025-11-24,ITEM_02,100,1,24,2
2025-11-24,ITEM_03,87,2,21,2
2025-11-24,ITEM_04,125,2,30,1
2025-11-24,ITEM_05,150,6,36,1
2025-11-24,ITEM_06,37,1,9,2
2025-11-24,ITEM_07,62,2,15,2
2025-11-24,ITEM_08,75,0,18,2
2025-11-25,ITEM_01,212,3,51,1
2025-11-25,ITEM_02,100,2,24,2
2025-11-25,ITEM_03,87,6,21,2
2025-11-25,ITEM_04,125,1,30,1
2025-11-25,ITEM_05,150,2,36,1
2025-11-25,ITEM_06,37,3,9,2
2025-11-25,ITEM_07,62,4,15,2
2025-11-25,ITEM_08,75,2,18,2
2025-11-26,ITEM_01,212,4,51,1
2025-11-26,ITEM_02,100,2,24,2
2025-11-26,ITEM_03,87,3,21,2
2025-11-26,ITEM_04,125,1,30,1
2025-11-26,ITEM_05,150,4,36,1
2025-11-26,ITEM_06,37,2,9,2
2025-11-26,ITEM_07,62,3,15,2
2025-11-26,ITEM_08,75,4,18,2
2025-11-27,ITEM_01,212,0,51,1
2025-11-27,ITEM_02,100,2,24,2
2025-11-27,ITEM_03,87,3,21,2
2025-11-27,ITEM_04,125,1,30,1
2025-11-27,ITEM_05,150,1,36,1
2025-11-27,ITEM_06,37,0,9,2
2025-11-27,ITEM_07,62,1,15,2
2025-11-27,ITEM_08,75,0,18,2
2025-11-28,ITEM_01,212,2,51,1
2025-11-28,ITEM_02,100,1,24,2
2025-11-28,ITEM_03,87,3,21,2
2025-11-28,ITEM_04,125,5,30,1
2025-11-28,ITEM_05,150,3,36,1
2025-11-28,ITEM_06,37,2,9,2
2025-11-28,ITEM_07,62,1,15,2
2025-11-28,ITEM_08,75,1,18,2
2025-11-29,ITEM_01,212,5,51,1
2025-11-29,ITEM_02,100,1,24,2
2025-11-29,ITEM_03,87,0,21,2
2025-11-29,ITEM_04,125,1,30,1
2025-11-29,ITEM_05,150,0,36,1
2025-11-29,ITEM_06,37,3,9,2
2025-11-29,ITEM_07,62,2,15,2
2025-11-29,ITEM_08,75,1,18,2
2025-11-30,ITEM_01,212,0,51,1
2025-11-30,ITEM_02,100,4,24,2
2025-11-30,ITEM_03,87,2,21,2
2025-11-30,ITEM_04,125,2,30,1
2025-11-30,ITEM_05,150,0,36,1
2025-11-30,ITEM_06,37,1,9,2
2025-11-30,ITEM_07,62,2,15,2
2025-11-30,ITEM_08,75,1,18,2
2025-12-01,ITEM_01,212,3,51,1
2025-12-01,ITEM_02,100,2,24,2
2025-12-01,ITEM_03,87,4,21,2
2025-12-01,ITEM_04,125,1,30,1
2025-12-01,ITEM_05,150,3,36,1
2025-12-01,ITEM_06,37,1,9,2
2025-12-01,ITEM_07,62,0,15,2
2025-12-01,ITEM_08,75,1,18,2
2025-12-02,ITEM_01,212,2,51,1
2025-12-02,ITEM_02,100,1,24,2
2025-12-02,ITEM_03,87,3,21,2
2025-12-02,ITEM_04,125,1,30,1
2025-12-02,ITEM_05,150,2,36,1
2025-12-02,ITEM_06,37,1,9,2
2025-12-02,ITEM_07,62,1,15,2
2025-12-02,ITEM_08,75,3,18,2
2025-12-03,ITEM_01,212,2,51,1
2025-12-03,ITEM_02,100,1,24,2
2025-12-03,ITEM_03,87,1,21,2
2025-12-03,ITEM_04,125,3,30,1
2025-12-03,ITEM_05,150,2,36,1
2025-12-03,ITEM_06,37,0,9,2
2025-12-03,ITEM_07,62,2,15,2
2025-12-03,ITEM_08,75,5,18,2
2025-12-04,ITEM_01,212,2,51,1
2025-12-04,ITEM_02,100,1,24,2
2025-12-04,ITEM_03,87,1,21,2
2025-12-04,ITEM_04,125,2,30,1
2025-12-04,ITEM_05,150,2,36,1
2025-12-04,ITEM_06,37,3,9,2
2025-12-04,ITEM_07,62,2,15,2
2025-12-04,ITEM_08,75,3,18,2
2025-12-05,ITEM_01,212,1,51,1
2025-12-05,ITEM_02,100,4,24,2
2025-12-05,ITEM_03,87,4,21,2
2025-12-05,ITEM_04,125,0,30,1
2025-12-05,ITEM_05,150,3,36,1
2025-12-05,ITEM_06,37,6,9,2
2025-12-05,ITEM_07,62,4,15,2
2025-12-05,ITEM_08,75,0,18,2
2025-12-06,ITEM_01,212,4,51,1
2025-12-06,ITEM_02,100,2,24,2
2025-12-06,ITEM_03,87,3,21,2
2025-12-06,ITEM_04,125,2,30,1
2025-12-06,ITEM_05,150,2,36,1
2025-12-06,ITEM_06,37,1,9,2
2025-12-06,ITEM_07,62,2,15,2
2025-12-06,ITEM_08,75,2,18,2
2025-12-07,ITEM_01,212,4,51,1
2025-12-07,ITEM_02,100,3,24,2
2025-12-07,ITEM_03,87,3,21,2
2025-12-07,ITEM_04,125,3,30,1
2025-12-07,ITEM_05,150,2,36,1
2025-12-07,ITEM_06,37,1,9,2
2025-12-07,ITEM_07,62,3,15,2
2025-12-07,ITEM_08,75,2,18,2
2025-12-08,ITEM_01,212,0,51,1
2025-12-08,ITEM_02,100,1,24,2
2025-12-08,ITEM_03,87,2,21,2
2025-12-08,ITEM_04,125,4,30,1
2025-12-08,ITEM_05,150,3,36,1
2025-12-08,ITEM_06,37,1,9,2
2025-12-08,ITEM_07,62,0,15,2
2025-12-08,ITEM_08,75,2,18,2
2025-12-09,ITEM_01,212,0,51,1
2025-12-09,ITEM_02,100,1,24,2
2025-12-09,ITEM_03,87,1,21,2
2025-12-09,ITEM_04,125,2,30,1
2025-12-09,ITEM_05,150,2,36,1
2025-12-09,ITEM_06,37,2,9,2
2025-12-09,ITEM_07,62,3,15,2
2025-12-09,ITEM_08,75,0,18,2
2025-12-10,ITEM_01,212,3,51,1
2025-12-10,ITEM_02,100,0,24,2
2025-12-10,ITEM_03,87,2,21,2
2025-12-10,ITEM_04,125,2,30,1
2025-12-10,ITEM_05,150,1,36,1
2025-12-10,ITEM_06,37,0,9,2
2025-12-10,ITEM_07,62,3,15,2
2025-12-10,ITEM_08,75,0,18,2
2025-12-11,ITEM_01,212,4,51,1
2025-12-11,ITEM_02,100,1,24,2
2025-12-11,ITEM_03,87,3,21,2
2025-12-11,ITEM_04,125,2,30,1
2025-12-11,ITEM_05,150,25,36,1
2025-12-11,ITEM_06,37,1,9,2
2025-12-11,ITEM_07,62,2,15,2
2025-12-11,ITEM_08,75,0,18,2
2025-12-12,ITEM_01,212,3,51,1
2025-12-12,ITEM_02,100,0,24,2
2025-12-12,ITEM_03,87,3,21,2
2025-12-12,ITEM_04,125,1,30,1
2025-12-12,ITEM_05,150,1,36,1
2025-12-12,ITEM_06,37,0,9,2
2025-12-12,ITEM_07,62,1,15,2
2025-12-12,ITEM_08,75,2,18,2
2025-12-13,ITEM_01,212,3,51,1
2025-12-13,ITEM_02,100,3,24,2
2025-12-13,ITEM_03,87,0,21,2
2025-12-13,ITEM_04,125,2,30,1
2025-12-13,ITEM_05,150,1,36,1
2025-12-13,ITEM_06,37,5,9,2
2025-12-13,ITEM_07,62,2,15,2
2025-12-13,ITEM_08,75,2,18,2
2025-12-14,ITEM_01,212,0,51,1
2025-12-14,ITEM_02,100,3,24,2
2025-12-14,ITEM_03,87,1,21,2
2025-12-14,ITEM_04,125,1,30,1
2025-12-14,ITEM_05,150,2,36,1
2025-12-14,ITEM_06,37,3,9,2
2025-12-14,ITEM_07,62,3,15,2
2025-12-14,ITEM_08,75,3,18,2
2025-12-15,ITEM_01,212,0,51,1
2025-12-15,ITEM_02,100,4,24,2
2025-12-15,ITEM_03,87,4,21,2
2025-12-15,ITEM_04,125,0,30,1
2025-12-15,ITEM_05,150,1,36,1
2025-12-15,ITEM_06,37,2,9,2
2025-12-15,ITEM_07,62,3,15,2
2025-12-15,ITEM_08,75,1,18,2
2025-12-16,ITEM_01,212,5,51,1
2025-12-16,ITEM_02,100,0,24,2
2025-12-16,ITEM_03,87,2,21,2
2025-12-16,ITEM_04,125,0,30,1
2025-12-16,ITEM_05,150,2,36,1
2025-12-16,ITEM_06,37,1,9,2
2025-12-16,ITEM_07,62,1,15,2
2025-12-16,ITEM_08,75,4,18,2
2025-12-17,ITEM_01,212,2,51,1
2025-12-17,ITEM_02,100,0,24,2
2025-12-17,ITEM_03,87,1,21,2
2025-12-17,ITEM_04,125,3,30,1
2025-12-17,ITEM_05,150,3,36,1
2025-12-17,ITEM_06,37,4,9,2
2025-12-17,ITEM_07,62,1,15,2
2025-12-17,ITEM_08,75,2,18,2
2025-12-18,ITEM_01,212,2,51,1
2025-12-18,ITEM_02,100,3,24,2
2025-12-18,ITEM_03,87,1,21,2
2025-12-18,ITEM_04,125,1,30,1
2025-12-18,ITEM_05,150,0,36,1
2025-12-18,ITEM_06,37,2,9,2
2025-12-18,ITEM_07,62,3,15,2
2025-12-18,ITEM_08,75,1,18,2
2025-12-19,ITEM_01,212,4,51,1
2025-12-19,ITEM_02,100,2,24,2
2025-12-19,ITEM_03,87,3,21,2
2025-12-19,ITEM_04,125,3,30,1
2025-12-19,ITEM_05,150,2,36,1
2025-12-19,ITEM_06,37,3,9,2
2025-12-19,ITEM_07,62,1,15,2
2025-12-19,ITEM_08,75,2,18,2
2025-12-20,ITEM_01,212,4,51,1
2025-12-20,ITEM_02,100,1,24,2
2025-12-20,ITEM_03,87,5,21,2
2025-12-20,ITEM_04,125,1,30,1
2025-12-20,ITEM_05,150,1,36,1
2025-12-20,ITEM_06,37,2,9,2
2025-12-20,ITEM_07,62,3,15,2
2025-12-20,ITEM_08,75,0,18,2
2025-12-21,ITEM_01,212,4,51,1
2025-12-21,ITEM_02,100,2,24,2
2025-12-21,ITEM_03,87,2,21,2
2025-12-21,ITEM_04,125,0,30,1
2025-12-21,ITEM_05,150,0,36,1
2025-12-21,ITEM_06,37,3,9,2
2025-12-21,ITEM_07,62,3,15,2
2025-12-21,ITEM_08,75,27,18,2
2025-12-22,ITEM_01,212,1,51,1
2025-12-22,ITEM_02,100,2,24,2
2025-12-22,ITEM_03,87,4,21,2
2025-12-22,ITEM_04,125,2,30,1
2025-12-22,ITEM_05,150,3,36,1
2025-12-22,ITEM_06,37,0,9,2
2025-12-22,ITEM_07,62,1,15,2
2025-12-22,ITEM_08,75,3,18,2
2025-12-23,ITEM_01,212,2,51,1
2025-12-23,ITEM_02,100,2,24,2
2025-12-23,ITEM_03,87,1,21,2
2025-12-23,ITEM_04,125,3,30,1
2025-12-23,ITEM_05,150,2,36,1
2025-12-23,ITEM_06,37,4,9,2
2025-12-23,ITEM_07,62,2,15,2
2025-12-23,ITEM_08,75,2,18,2
2025-12-24,ITEM_01,212,2,51,1
2025-12-24,ITEM_02,100,2,24,2
2025-12-24,ITEM_03,87,2,21,2
2025-12-24,ITEM_04,125,3,30,1
2025-12-24,ITEM_05,150,1,36,1
2025-12-24,ITEM_06,37,0,9,2
2025-12-24,ITEM_07,62,2,15,2
2025-12-24,ITEM_08,75,2,18,2
2025-12-25,ITEM_01,212,1,51,1
2025-12-25,ITEM_02,100,1,24,2
2025-12-25,ITEM_03,87,0,21,2
2025-12-25,ITEM_04,125,5,30,1
2025-12-25,ITEM_05,150,0,36,1
2025-12-25,ITEM_06,37,1,9,2
2025-12-25,ITEM_07,62,24,15,2
2025-12-25,ITEM_08,75,1,18,2
2025-12-26,ITEM_01,212,1,51,1
2025-12-26,ITEM_02,100,5,24,2
2025-12-26,ITEM_03,87,26,21,2
2025-12-26,ITEM_04,125,2,30,1
2025-12-26,ITEM_05,150,0,36,1
2025-12-26,ITEM_06,37,2,9,2
2025-12-26,ITEM_07,62,6,15,2
2025-12-26,ITEM_08,75,2,18,2
2025-12-27,ITEM_01,212,3,51,1
2025-12-27,ITEM_02,100,3,24,2
2025-12-27,ITEM_03,87,2,21,2
2025-12-27,ITEM_04,125,3,30,1
2025-12-27,ITEM_05,150,2,36,1
2025-12-27,ITEM_06,37,2,9,2
2025-12-27,ITEM_07,62,1,15,2
2025-12-27,ITEM_08,75,2,18,2
2025-12-28,ITEM_01,212,0,51,1
2025-12-28,ITEM_02,100,1,24,2
2025-12-28,ITEM_03,87,3,21,2
2025-12-28,ITEM_04,125,4,30,1
2025-12-28,ITEM_05,150,1,36,1
2025-12-28,ITEM_06,37,3,9,2
2025-12-28,ITEM_07,62,3,15,2
2025-12-28,ITEM_08,75,2,18,2
2025-12-29,ITEM_01,212,3,51,1
2025-12-29,ITEM_02,100,1,24,2
2025-12-29,ITEM_03,87,3,21,2
2025-12-29,ITEM_04,125,7,30,1
2025-12-29,ITEM_05,150,1,36,1
2025-12-29,ITEM_06,37,3,9,2
2025-12-29,ITEM_07,62,3,15,2
2025-12-29,ITEM_08,75,2,18,2
2025-12-30,ITEM_01,212,2,51,1
2025-12-30,ITEM_02,100,1,24,2
2025-12-30,ITEM_03,87,1,21,2
2025-12-30,ITEM_04,125,3,30,1
2025-12-30,ITEM_05,150,2,36,1
2025-12-30,ITEM_06,37,2,9,2
2025-12-30,ITEM_07,62,0,15,2
2025-12-30,ITEM_08,75,1,18,2
2025-12-31,ITEM_01,212,3,51,1
2025-12-31,ITEM_02,100,2,24,2
2025-12-31,ITEM_03,87,0,21,2
2025-12-31,ITEM_04,125,1,30,1
2025-12-31,ITEM_05,150,2,36,1
2025-12-31,ITEM_06,37,24,9,2
2025-12-31,ITEM_07,62,2,15,2
2025-12-31,ITEM_08,75,2,18,2
2026-01-01,ITEM_01,212,2,51,1
2026-01-01,ITEM_02,100,0,24,2
2026-01-01,ITEM_03,87,3,21,2
2026-01-01,ITEM_04,125,1,30,1
2026-01-01,ITEM_05,150,2,36,1
2026-01-01,ITEM_06,37,3,9,2
2026-01-01,ITEM_07,62,4,15,2
2026-01-01,ITEM_08,75,3,18,2
2026-01-02,ITEM_01,212,3,51,1
2026-01-02,ITEM_02,100,1,24,2
2026-01-02,ITEM_03,87,3,21,2
2026-01-02,ITEM_04,125,1,30,1
2026-01-02,ITEM_05,150,2,36,1
2026-01-02,ITEM_06,37,1,9,2
2026-01-02,ITEM_07,62,2,15,2
2026-01-02,ITEM_08,75,4,18,2
2026-01-03,ITEM_01,212,0,51,1
2026-01-03,ITEM_02,100,4,24,2
2026-01-03,ITEM_03,87,2,21,2
2026-01-03,ITEM_04,125,2,30,1
2026-01-03,ITEM_05,150,1,36,1
2026-01-03,ITEM_06,37,2,9,2
2026-01-03,ITEM_07,62,2,15,2
2026-01-03,ITEM_08,75,0,18,2
2026-01-04,ITEM_01,212,4,51,1
2026-01-04,ITEM_02,100,2,24,2
2026-01-04,ITEM_03,87,1,21,2
2026-01-04,ITEM_04,125,1,30,1
2026-01-04,ITEM_05,150,1,36,1
2026-01-04,ITEM_06,37,1,9,2
2026-01-04,ITEM_07,62,2,15,2
2026-01-04,ITEM_08,75,2,18,2
2026-01-05,ITEM_01,212,2,51,1
2026-01-05,ITEM_02,100,3,24,2
2026-01-05,ITEM_03,87,4,21,2
2026-01-05,ITEM_04,125,2,30,1
2026-01-05,ITEM_05,150,0,36,1
2026-01-05,ITEM_06,37,1,9,2
2026-01-05,ITEM_07,62,2,15,2
2026-01-05,ITEM_08,75,2,18,2
2026-01-06,ITEM_01,212,3,51,1
2026-01-06,ITEM_02,100,1,24,2
2026-01-06,ITEM_03,87,2,21,2
2026-01-06,ITEM_04,125,2,30,1
2026-01-06,ITEM_05,150,2,36,1
2026-01-06,ITEM_06,37,2,9,2
2026-01-06,ITEM_07,62,3,15,2
2026-01-06,ITEM_08,75,2,18,2
2026-01-07,ITEM_01,212,3,51,1
2026-01-07,ITEM_02,100,2,24,2
2026-01-07,ITEM_03,87,0,21,2
2026-01-07,ITEM_04,125,1,30,1
2026-01-07,ITEM_05,150,2,36,1
2026-01-07,ITEM_06,37,1,9,2
2026-01-07,ITEM_07,62,1,15,2
2026-01-07,ITEM_08,75,2,18,2
2026-01-08,ITEM_01,212,1,51,1
2026-01-08,ITEM_02,100,3,24,2
2026-01-08,ITEM_03,87,1,21,2
2026-01-08,ITEM_04,125,2,30,1
2026-01-08,ITEM_05,150,0,36,1
2026-01-08,ITEM_06,37,4,9,2
2026-01-08,ITEM_07,62,3,15,2
2026-01-08,ITEM_08,75,1,18,2
2026-01-09,ITEM_01,212,1,51,1
2026-01-09,ITEM_02,100,4,24,2
2026-01-09,ITEM_03,87,1,21,2
2026-01-09,ITEM_04,125,28,30,1
2026-01-09,ITEM_05,150,2,36,1
2026-01-09,ITEM_06,37,4,9,2
2026-01-09,ITEM_07,62,0,15,2
2026-01-09,ITEM_08,75,1,18,2
2026-01-10,ITEM_01,212,1,51,1
2026-01-10,ITEM_02,100,4,24,2
2026-01-10,ITEM_03,87,1,21,2
2026-01-10,ITEM_04,125,3,30,1
2026-01-10,ITEM_05,150,0,36,1
2026-01-10,ITEM_06,37,3,9,2
2026-01-10,ITEM_07,62,5,15,2
2026-01-10,ITEM_08,75,1,18,2
2026-01-11,ITEM_01,212,4,51,1
2026-01-11,ITEM_02,100,3,24,2
2026-01-11,ITEM_03,87,0,21,2
2026-01-11,ITEM_04,125,2,30,1
2026-01-11,ITEM_05,150,1,36,1
2026-01-11,ITEM_06,37,0,9,2
2026-01-11,ITEM_07,62,2,15,2
2026-01-11,ITEM_08,75,2,18,2
2026-01-12,ITEM_01,212,1,51,1
2026-01-12,ITEM_02,100,4,24,2
2026-01-12,ITEM_03,87,0,21,2
2026-01-12,ITEM_04,125,5,30,1
2026-01-12,ITEM_05,150,5,36,1
2026-01-12,ITEM_06,37,1,9,2
2026-01-12,ITEM_07,62,3,15,2
2026-01-12,ITEM_08,75,1,18,2
2026-01-13,ITEM_01,212,2,51,1
2026-01-13,ITEM_02,100,3,24,2
2026-01-13,ITEM_03,87,6,21,2
2026-01-13,ITEM_04,125,0,30,1
2026-01-13,ITEM_05,150,4,36,1
2026-01-13,ITEM_06,37,3,9,2
2026-01-13,ITEM_07,62,1,15,2
2026-01-13,ITEM_08,75,2,18,2
2026-01-14,ITEM_01,212,2,51,1
2026-01-14,ITEM_02,100,3,24,2
2026-01-14,ITEM_03,87,0,21,2
2026-01-14,ITEM_04,125,3,30,1
2026-01-14,ITEM_05,150,4,36,1
2026-01-14,ITEM_06,37,2,9,2
2026-01-14,ITEM_07,62,4,15,2
2026-01-14,ITEM_08,75,1,18,2
2026-01-15,ITEM_01,212,1,51,1
2026-01-15,ITEM_02,100,1,24,2
2026-01-15,ITEM_03,87,0,21,2
2026-01-15,ITEM_04,125,1,30,1
2026-01-15,ITEM_05,150,6,36,1
2026-01-15,ITEM_06,37,2,9,2
2026-01-15,ITEM_07,62,0,15,2
2026-01-15,ITEM_08,75,2,18,2
2026-01-16,ITEM_01,212,2,51,1
2026-01-16,ITEM_02,100,1,24,2
2026-01-16,ITEM_03,87,2,21,2
2026-01-16,ITEM_04,125,2,30,1
2026-01-16,ITEM_05,150,3,36,1
2026-01-16,ITEM_06,37,2,9,2
2026-01-16,ITEM_07,62,0,15,2
2026-01-16,ITEM_08,75,5,18,2
2026-01-17,ITEM_01,212,2,51,1
2026-01-17,ITEM_02,100,3,24,2
2026-01-17,ITEM_03,87,1,21,2
2026-01-17,ITEM_04,125,3,30,1
2026-01-17,ITEM_05,150,0,36,1
2026-01-17,ITEM_06,37,2,9,2
2026-01-17,ITEM_07,62,2,15,2
2026-01-17,ITEM_08,75,1,18,2
2026-01-18,ITEM_01,212,1,51,1
2026-01-18,ITEM_02,100,5,24,2
2026-01-18,ITEM_03,87,2,21,2
2026-01-18,ITEM_04,125,4,30,1
2026-01-18,ITEM_05,150,3,36,1
2026-01-18,ITEM_06,37,4,9,2
2026-01-18,ITEM_07,62,2,15,2
2026-01-18,ITEM_08,75,1,18,2
2026-01-19,ITEM_01,212,2,51,1
2026-01-19,ITEM_02,100,0,24,2
2026-01-19,ITEM_03,87,3,21,2
2026-01-19,ITEM_04,125,1,30,1
2026-01-19,ITEM_05,150,0,36,1
2026-01-19,ITEM_06,37,1,9,2
2026-01-19,ITEM_07,62,0,15,2
2026-01-19,ITEM_08,75,4,18,2
2026-01-20,ITEM_01,212,5,51,1
2026-01-20,ITEM_02,100,4,24,2
2026-01-20,ITEM_03,87,2,21,2
2026-01-20,ITEM_04,125,4,30,1
2026-01-20,ITEM_05,150,24,36,1
2026-01-20,ITEM_06,37,1,9,2
2026-01-20,ITEM_07,62,4,15,2
2026-01-20,ITEM_08,75,2,18,2
2026-01-21,ITEM_01,212,0,51,1
2026-01-21,ITEM_02,100,0,24,2
2026-01-21,ITEM_03,87,1,21,2
2026-01-21,ITEM_04,125,3,30,1
2026-01-21,ITEM_05,150,9,36,1
2026-01-21,ITEM_06,37,0,9,2
2026-01-21,ITEM_07,62,2,15,2
2026-01-21,ITEM_08,75,1,18,2
2026-01-22,ITEM_01,212,2,51,1
2026-01-22,ITEM_02,100,0,24,2
2026-01-22,ITEM_03,87,4,21,2
2026-01-22,ITEM_04,125,1,30,1
2026-01-22,ITEM_05,150,1,36,1
2026-01-22,ITEM_06,37,2,9,2
2026-01-22,ITEM_07,62,1,15,2
2026-01-22,ITEM_08,75,2,18,2
2026-01-23,ITEM_01,212,1,51,1
2026-01-23,ITEM_02,100,5,24,2
2026-01-23,ITEM_03,87,5,21,2
2026-01-23,ITEM_04,125,4,30,1
2026-01-23,ITEM_05,150,2,36,1
2026-01-23,ITEM_06,37,30,9,2
2026-01-23,ITEM_07,62,4,15,2
2026-01-23,ITEM_08,75,5,18,2
2026-01-24,ITEM_01,212,0,51,1
2026-01-24,ITEM_02,100,3,24,2
2026-01-24,ITEM_03,87,0,21,2
2026-01-24,ITEM_04,125,1,30,1
2026-01-24,ITEM_05,150,1,36,1
2026-01-24,ITEM_06,37,4,9,2
2026-01-24,ITEM_07,62,1,15,2
2026-01-24,ITEM_08,75,1,18,2
2026-01-25,ITEM_01,212,2,51,1
2026-01-25,ITEM_02,100,2,24,2
2026-01-25,ITEM_03,87,4,21,2
2026-01-25,ITEM_04,125,2,30,1
2026-01-25,ITEM_05,150,2,36,1
2026-01-25,ITEM_06,37,1,9,2
2026-01-25,ITEM_07,62,1,15,2
2026-01-25,ITEM_08,75,2,18,2
2026-01-26,ITEM_01,212,1,51,1
2026-01-26,ITEM_02,100,1,24,2
2026-01-26,ITEM_03,87,0,21,2
2026-01-26,ITEM_04,125,4,30,1
2026-01-26,ITEM_05,150,2,36,1
2026-01-26,ITEM_06,37,3,9,2
2026-01-26,ITEM_07,62,2,15,2
2026-01-26,ITEM_08,75,6,18,2
2026-01-27,ITEM_01,212,2,51,1
2026-01-27,ITEM_02,100,4,24,2
2026-01-27,ITEM_03,87,2,21,2
2026-01-27,ITEM_04,125,0,30,1
2026-01-27,ITEM_05,150,2,36,1
2026-01-27,ITEM_06,37,1,9,2
2026-01-27,ITEM_07,62,2,15,2
2026-01-27,ITEM_08,75,0,18,2
2026-01-28,ITEM_01,212,6,51,1
2026-01-28,ITEM_02,100,3,24,2
2026-01-28,ITEM_03,87,6,21,2
2026-01-28,ITEM_04,125,3,30,1
2026-01-28,ITEM_05,150,1,36,1
2026-01-28,ITEM_06,37,5,9,2
2026-01-28,ITEM_07,62,2,15,2
2026-01-28,ITEM_08,75,1,18,2
2026-01-29,ITEM_01,212,1,51,1
2026-01-29,ITEM_02,100,0,24,2
2026-01-29,ITEM_03,87,1,21,2
2026-01-29,ITEM_04,125,1,30,1
2026-01-29,ITEM_05,150,1,36,1
2026-01-29,ITEM_06,37,2,9,2
2026-01-29,ITEM_07,62,1,15,2
2026-01-29,ITEM_08,75,0,18,2
2026-01-30,ITEM_01,212,1,51,1
2026-01-30,ITEM_02,100,1,24,2
2026-01-30,ITEM_03,87,0,21,2
2026-01-30,ITEM_04,125,2,30,1
2026-01-30,ITEM_05,150,0,36,1
2026-01-30,ITEM_06,37,3,9,2
2026-01-30,ITEM_07,62,3,15,2
2026-01-30,ITEM_08,75,4,18,2
2026-01-31,ITEM_01,212,0,51,1
2026-01-31,ITEM_02,100,2,24,2
2026-01-31,ITEM_03,87,0,21,2
2026-01-31,ITEM_04,125,1,30,1
2026-01-31,ITEM_05,150,3,36,1
2026-01-31,ITEM_06,37,3,9,2
2026-01-31,ITEM_07,62,0,15,2
2026-01-31,ITEM_08,75,2,18,2
2026-02-01,ITEM_01,212,0,51,1
2026-02-01,ITEM_02,100,0,24,2
2026-02-01,ITEM_03,87,1,21,2
2026-02-01,ITEM_04,125,1,30,1
2026-02-01,ITEM_05,150,3,36,1
2026-02-01,ITEM_06,37,1,9,2
2026-02-01,ITEM_07,62,5,15,2
2026-02-01,ITEM_08,75,3,18,2
2026-02-02,ITEM_01,212,3,51,1
2026-02-02,ITEM_02,100,3,24,2
2026-02-02,ITEM_03,87,4,21,2
2026-02-02,ITEM_04,125,3,30,1
2026-02-02,ITEM_05,150,2,36,1
2026-02-02,ITEM_06,37,3,9,2
2026-02-02,ITEM_07,62,0,15,2
2026-02-02,ITEM_08,75,0,18,2
2026-02-03,ITEM_01,212,2,51,1
2026-02-03,ITEM_02,100,24,24,2
2026-02-03,ITEM_03,87,3,21,2
2026-02-03,ITEM_04,125,3,30,1
2026-02-03,ITEM_05,150,4,36,1
2026-02-03,ITEM_06,37,2,9,2
2026-02-03,ITEM_07,62,2,15,2
2026-02-03,ITEM_08,75,4,18,2
2026-02-04,ITEM_01,212,2,51,1
2026-02-04,ITEM_02,100,3,24,2
2026-02-04,ITEM_03,87,7,21,2
2026-02-04,ITEM_04,125,3,30,1
2026-02-04,ITEM_05,150,2,36,1
2026-02-04,ITEM_06,37,3,9,2
2026-02-04,ITEM_07,62,0,15,2
2026-02-04,ITEM_08,75,5,18,2
2026-02-05,ITEM_01,212,1,51,1
2026-02-05,ITEM_02,100,0,24,2
2026-02-05,ITEM_03,87,1,21,2
2026-02-05,ITEM_04,125,4,30,1
2026-02-05,ITEM_05,150,5,36,1
2026-02-05,ITEM_06,37,6,9,2
2026-02-05,ITEM_07,62,0,15,2
2026-02-05,ITEM_08,75,4,18,2
2026-02-06,ITEM_01,212,2,51,1
2026-02-06,ITEM_02,100,3,24,2
2026-02-06,ITEM_03,87,1,21,2
2026-02-06,ITEM_04,125,2,30,1
2026-02-06,ITEM_05,150,3,36,1
2026-02-06,ITEM_06,37,1,9,2
2026-02-06,ITEM_07,62,2,15,2
2026-02-06,ITEM_08,75,1,18,2
2026-02-07,ITEM_01,212,1,51,1
2026-02-07,ITEM_02,100,5,24,2
2026-02-07,ITEM_03,87,1,21,2
2026-02-07,ITEM_04,125,1,30,1
2026-02-07,ITEM_05,150,3,36,1
2026-02-07,ITEM_06,37,2,9,2
2026-02-07,ITEM_07,62,2,15,2
2026-02-07,ITEM_08,75,2,18,2
2026-02-08,ITEM_01,212,4,51,1
2026-02-08,ITEM_02,100,0,24,2
2026-02-08,ITEM_03,87,3,21,2
2026-02-08,ITEM_04,125,4,30,1
2026-02-08,ITEM_05,150,1,36,1
2026-02-08,ITEM_06,37,3,9,2
2026-02-08,ITEM_07,62,2,15,2
2026-02-08,ITEM_08,75,0,18,2
2026-02-09,ITEM_01,212,1,51,1
2026-02-09,ITEM_02,100,1,24,2
2026-02-09,ITEM_03,87,2,21,2
2026-02-09,ITEM_04,125,3,30,1
2026-02-09,ITEM_05,150,2,36,1
2026-02-09,ITEM_06,37,0,9,2
2026-02-09,ITEM_07,62,3,15,2
2026-02-09,ITEM_08,75,2,18,2
2026-02-10,ITEM_01,212,0,51,1
2026-02-10,ITEM_02,100,5,24,2
2026-02-10,ITEM_03,87,3,21,2
2026-02-10,ITEM_04,125,3,30,1
2026-02-10,ITEM_05,150,1,36,1
2026-02-10,ITEM_06,37,2,9,2
2026-02-10,ITEM_07,62,1,15,2
2026-02-10,ITEM_08,75,2,18,2
2026-02-11,ITEM_01,212,2,51,1
2026-02-11,ITEM_02,100,0,24,2
2026-02-11,ITEM_03,87,2,21,2
2026-02-11,ITEM_04,125,2,30,1
2026-02-11,ITEM_05,150,4,36,1
2026-02-11,ITEM_06,37,1,9,2
2026-02-11,ITEM_07,62,4,15,2
2026-02-11,ITEM_08,75,3,18,2
2026-02-12,ITEM_01,212,3,51,1
2026-02-12,ITEM_02,100,0,24,2
2026-02-12,ITEM_03,87,1,21,2
2026-02-12,ITEM_04,125,1,30,1
2026-02-12,ITEM_05,150,2,36,1
2026-02-12,ITEM_06,37,4,9,2
2026-02-12,ITEM_07,62,3,15,2
2026-02-12,ITEM_08,75,0,18,2
2026-02-13,ITEM_01,212,1,51,1
2026-02-13,ITEM_02,100,0,24,2
2026-02-13,ITEM_03,87,1,21,2
2026-02-13,ITEM_04,125,3,30,1
2026-02-13,ITEM_05,150,0,36,1
2026-02-13,ITEM_06,37,2,9,2
2026-02-13,ITEM_07,62,2,15,2
2026-02-13,ITEM_08,75,0,18,2
2026-02-14,ITEM_01,212,1,51,1
2026-02-14,ITEM_02,100,3,24,2
2026-02-14,ITEM_03,87,2,21,2
2026-02-14,ITEM_04,125,2,30,1
2026-02-14,ITEM_05,150,1,36,1
2026-02-14,ITEM_06,37,4,9,2
2026-02-14,ITEM_07,62,1,15,2
2026-02-14,ITEM_08,75,2,18,2
2026-02-15,ITEM_01,212,1,51,1
2026-02-15,ITEM_02,100,2,24,2
2026-02-15,ITEM_03,87,4,21,2
2026-02-15,ITEM_04,125,2,30,1
2026-02-15,ITEM_05,150,2,36,1
2026-02-15,ITEM_06,37,2,9,2
2026-02-15,ITEM_07,62,0,15,2
2026-02-15,ITEM_08,75,5,18,2
2026-02-16,ITEM_01,212,3,51,1
2026-02-16,ITEM_02,100,4,24,2
2026-02-16,ITEM_03,87,3,21,2
2026-02-16,ITEM_04,125,3,30,1
2026-02-16,ITEM_05,150,4,36,1
2026-02-16,ITEM_06,37,4,9,2
2026-02-16,ITEM_07,62,1,15,2
2026-02-16,ITEM_08,75,2,18,2
2026-02-17,ITEM_01,212,1,51,1
2026-02-17,ITEM_02,100,3,24,2
2026-02-17,ITEM_03,87,2,21,2
2026-02-17,ITEM_04,125,0,30,1
2026-02-17,ITEM_05,150,1,36,1
2026-02-17,ITEM_06,37,1,9,2
2026-02-17,ITEM_07,62,1,15,2
2026-02-17,ITEM_08,75,3,18,2
2026-02-18,ITEM_01,212,0,51,1
2026-02-18,ITEM_02,100,2,24,2
2026-02-18,ITEM_03,87,2,21,2
2026-02-18,ITEM_04,125,1,30,1
2026-02-18,ITEM_05,150,3,36,1
2026-02-18,ITEM_06,37,0,9,2
2026-02-18,ITEM_07,62,4,15,2
2026-02-18,ITEM_08,75,2,18,2
2026-02-19,ITEM_01,212,1,51,1
2026-02-19,ITEM_02,100,1,24,2
2026-02-19,ITEM_03,87,1,21,2
2026-02-19,ITEM_04,125,4,30,1
2026-02-19,ITEM_05,150,1,36,1
2026-02-19,ITEM_06,37,19,9,2
2026-02-19,ITEM_07,62,2,15,2
2026-02-19,ITEM_08,75,3,18,2
2026-02-20,ITEM_01,212,2,51,1
2026-02-20,ITEM_02,100,1,24,2
2026-02-20,ITEM_03,87,27,21,2
2026-02-20,ITEM_04,125,3,30,1
2026-02-20,ITEM_05,150,1,36,1
2026-02-20,ITEM_06,37,4,9,2
2026-02-20,ITEM_07,62,2,15,2
2026-02-20,ITEM_08,75,3,18,2
2026-02-21,ITEM_01,212,24,51,1
2026-02-21,ITEM_02,100,1,24,2
2026-02-21,ITEM_03,87,0,21,2
2026-02-21,ITEM_04,125,1,30,1
2026-02-21,ITEM_05,150,0,36,1
2026-02-21,ITEM_06,37,2,9,2
2026-02-21,ITEM_07,62,2,15,2
2026-02-21,ITEM_08,75,2,18,2
2026-02-22,ITEM_01,212,0,51,1
2026-02-22,ITEM_02,100,4,24,2
2026-02-22,ITEM_03,87,1,21,2
2026-02-22,ITEM_04,125,1,30,1
2026-02-22,ITEM_05,150,3,36,1
2026-02-22,ITEM_06,37,5,9,2
2026-02-22,ITEM_07,62,3,15,2
2026-02-22,ITEM_08,75,3,18,2
2026-02-23,ITEM_01,212,3,51,1
2026-02-23,ITEM_02,100,1,24,2
2026-02-23,ITEM_03,87,1,21,2
2026-02-23,ITEM_04,125,6,30,1
2026-02-23,ITEM_05,150,3,36,1
2026-02-23,ITEM_06,37,4,9,2
2026-02-23,ITEM_07,62,27,15,2
2026-02-23,ITEM_08,75,1,18,2
2026-02-24,ITEM_01,212,1,51,1
2026-02-24,ITEM_02,100,16,24,2
2026-02-24,ITEM_03,87,1,21,2
2026-02-24,ITEM_04,125,0,30,1
2026-02-24,ITEM_05,150,2,36,1
2026-02-24,ITEM_06,37,2,9,2
2026-02-24,ITEM_07,62,5,15,2
2026-02-24,ITEM_08,75,1,18,2
2026-02-25,ITEM_01,212,1,51,1
2026-02-25,ITEM_02,100,2,24,2
2026-02-25,ITEM_03,87,2,21,2
2026-02-25,ITEM_04,125,0,30,1
2026-02-25,ITEM_05,150,0,36,1
2026-02-25,ITEM_06,37,2,9,2
2026-02-25,ITEM_07,62,2,15,2
2026-02-25,ITEM_08,75,2,18,2
2026-02-26,ITEM_01,212,2,51,1
2026-02-26,ITEM_02,100,1,24,2
2026-02-26,ITEM_03,87,1,21,2
2026-02-26,ITEM_04,125,1,30,1
2026-02-26,ITEM_05,150,4,36,1
2026-02-26,ITEM_06,37,1,9,2
2026-02-26,ITEM_07,62,1,15,2
2026-02-26,ITEM_08,75,2,18,2
2026-02-27,ITEM_01,212,0,51,1
2026-02-27,ITEM_02,100,2,24,2
2026-02-27,ITEM_03,87,3,21,2
2026-02-27,ITEM_04,125,3,30,1
2026-02-27,ITEM_05,150,3,36,1
2026-02-27,ITEM_06,37,1,9,2
2026-02-27,ITEM_07,62,2,15,2
2026-02-27,ITEM_08,75,3,18,2
2026-02-28,ITEM_01,212,1,51,1
2026-02-28,ITEM_02,100,2,24,2
2026-02-28,ITEM_03,87,0,21,2
2026-02-28,ITEM_04,125,3,30,1
2026-02-28,ITEM_05,150,0,36,1
2026-02-28,ITEM_06,37,2,9,2
2026-02-28,ITEM_07,62,2,15,2
2026-02-28,ITEM_08,75,1,18,2
2026-03-01,ITEM_01,212,1,51,1
2026-03-01,ITEM_02,100,1,24,2
2026-03-01,ITEM_03,87,3,21,2
2026-03-01,ITEM_04,125,0,30,1
2026-03-01,ITEM_05,150,1,36,1
2026-03-01,ITEM_06,37,3,9,2
2026-03-01,ITEM_07,62,1,15,2
2026-03-01,ITEM_08,75,0,18,2
2026-03-02,ITEM_01,212,6,51,1
2026-03-02,ITEM_02,100,2,24,2
2026-03-02,ITEM_03,87,3,21,2
2026-03-02,ITEM_04,125,5,30,1
2026-03-02,ITEM_05,150,1,36,1
2026-03-02,ITEM_06,37,3,9,2
2026-03-02,ITEM_07,62,1,15,2
2026-03-02,ITEM_08,75,2,18,2
2026-03-03,ITEM_01,212,0,51,1
2026-03-03,ITEM_02,100,0,24,2
2026-03-03,ITEM_03,87,2,21,2
2026-03-03,ITEM_04,125,1,30,1
2026-03-03,ITEM_05,150,26,36,1
2026-03-03,ITEM_06,37,2,9,2
2026-03-03,ITEM_07,62,1,15,2
2026-03-03,ITEM_08,75,1,18,2
2026-03-04,ITEM_01,212,3,51,1
2026-03-04,ITEM_02,100,1,24,2
2026-03-04,ITEM_03,87,0,21,2
2026-03-04,ITEM_04,125,3,30,1
2026-03-04,ITEM_05,150,1,36,1
2026-03-04,ITEM_06,37,3,9,2
2026-03-04,ITEM_07,62,0,15,2
2026-03-04,ITEM_08,75,2,18,2
2026-03-05,ITEM_01,212,0,51,1
2026-03-05,ITEM_02,100,2,24,2
2026-03-05,ITEM_03,87,1,21,2
2026-03-05,ITEM_04,125,2,30,1
2026-03-05,ITEM_05,150,2,36,1
2026-03-05,ITEM_06,37,1,9,2
2026-03-05,ITEM_07,62,4,15,2
2026-03-05,ITEM_08,75,4,18,2
2026-03-06,ITEM_01,212,2,51,1
2026-03-06,ITEM_02,100,1,24,2
2026-03-06,ITEM_03,87,3,21,2
2026-03-06,ITEM_04,125,2,30,1
2026-03-06,ITEM_05,150,2,36,1
2026-03-06,ITEM_06,37,2,9,2
2026-03-06,ITEM_07,62,4,15,2
2026-03-06,ITEM_08,75,1,18,2
2026-03-07,ITEM_01,212,0,51,1
2026-03-07,ITEM_02,100,3,24,2
2026-03-07,ITEM_03,87,3,21,2
2026-03-07,ITEM_04,125,2,30,1
2026-03-07,ITEM_05,150,2,36,1
2026-03-07,ITEM_06,37,1,9,2
2026-03-07,ITEM_07,62,3,15,2
2026-03-07,ITEM_08,75,1,18,2
2026-03-08,ITEM_01,212,5,51,1
2026-03-08,ITEM_02,100,2,24,2
2026-03-08,ITEM_03,87,3,21,2
2026-03-08,ITEM_04,125,2,30,1
2026-03-08,ITEM_05,150,3,36,1
2026-03-08,ITEM_06,37,6,9,2
2026-03-08,ITEM_07,62,1,15,2
2026-03-08,ITEM_08,75,0,18,2
2026-03-09,ITEM_01,212,3,51,1
2026-03-09,ITEM_02,100,2,24,2
2026-03-09,ITEM_03,87,4,21,2
2026-03-09,ITEM_04,125,1,30,1
2026-03-09,ITEM_05,150,2,36,1
2026-03-09,ITEM_06,37,1,9,2
2026-03-09,ITEM_07,62,5,15,2
2026-03-09,ITEM_08,75,31,18,2
2026-03-10,ITEM_01,212,1,51,1
2026-03-10,ITEM_02,100,3,24,2
2026-03-10,ITEM_03,87,3,21,2
2026-03-10,ITEM_04,125,4,30,1
2026-03-10,ITEM_05,150,3,36,1
2026-03-10,ITEM_06,37,1,9,2
2026-03-10,ITEM_07,62,2,15,2
2026-03-10,ITEM_08,75,0,18,2
2026-03-11,ITEM_01,212,0,51,1
2026-03-11,ITEM_02,100,1,24,2
2026-03-11,ITEM_03,87,1,21,2
2026-03-11,ITEM_04,125,1,30,1
2026-03-11,ITEM_05,150,2,36,1
2026-03-11,ITEM_06,37,3,9,2
2026-03-11,ITEM_07,62,1,15,2
2026-03-11,ITEM_08,75,1,18,2
2026-03-12,ITEM_01,212,2,51,1
2026-03-12,ITEM_02,100,2,24,2
2026-03-12,ITEM_03,87,1,21,2
2026-03-12,ITEM_04,125,1,30,1
2026-03-12,ITEM_05,150,2,36,1
2026-03-12,ITEM_06,37,2,9,2
2026-03-12,ITEM_07,62,0,15,2
2026-03-12,ITEM_08,75,2,18,2
2026-03-13,ITEM_01,212,2,51,1
2026-03-13,ITEM_02,100,2,24,2
2026-03-13,ITEM_03,87,0,21,2
2026-03-13,ITEM_04,125,2,30,1
2026-03-13,ITEM_05,150,1,36,1
2026-03-13,ITEM_06,37,2,9,2
2026-03-13,ITEM_07,62,0,15,2
2026-03-13,ITEM_08,75,1,18,2
2026-03-14,ITEM_01,212,0,51,1
2026-03-14,ITEM_02,100,1,24,2
2026-03-14,ITEM_03,87,2,21,2
2026-03-14,ITEM_04,125,4,30,1
2026-03-14,ITEM_05,150,2,36,1
2026-03-14,ITEM_06,37,3,9,2
2026-03-14,ITEM_07,62,1,15,2
2026-03-14,ITEM_08,75,1,18,2
2026-03-15,ITEM_01,212,1,51,1
2026-03-15,ITEM_02,100,3,24,2
2026-03-15,ITEM_03,87,1,21,2
2026-03-15,ITEM_04,125,1,30,1
2026-03-15,ITEM_05,150,2,36,1
2026-03-15,ITEM_06,37,3,9,2
2026-03-15,ITEM_07,62,0,15,2
2026-03-15,ITEM_08,75,2,18,2
2026-03-16,ITEM_01,212,1,51,1
2026-03-16,ITEM_02,100,3,24,2
2026-03-16,ITEM_03,87,3,21,2
2026-03-16,ITEM_04,125,1,30,1
2026-03-16,ITEM_05,150,3,36,1
2026-03-16,ITEM_06,37,1,9,2
2026-03-16,ITEM_07,62,0,15,2
2026-03-16,ITEM_08,75,2,18,2
2026-03-17,ITEM_01,212,1,51,1
2026-03-17,ITEM_02,100,3,24,2
2026-03-17,ITEM_03,87,0,21,2
2026-03-17,ITEM_04,125,1,30,1
2026-03-17,ITEM_05,150,2,36,1
2026-03-17,ITEM_06,37,1,9,2
2026-03-17,ITEM_07,62,3,15,2
2026-03-17,ITEM_08,75,2,18,2
2026-03-18,ITEM_01,212,2,51,1
2026-03-18,ITEM_02,100,1,24,2
2026-03-18,ITEM_03,87,4,21,2
2026-03-18,ITEM_04,125,3,30,1
2026-03-18,ITEM_05,150,1,36,1
2026-03-18,ITEM_06,37,3,9,2
2026-03-18,ITEM_07,62,1,15,2
2026-03-18,ITEM_08,75,3,18,2
2026-03-19,ITEM_01,212,1,51,1
2026-03-19,ITEM_02,100,3,24,2
2026-03-19,ITEM_03,87,2,21,2
2026-03-19,ITEM_04,125,1,30,1
2026-03-19,ITEM_05,150,4,36,1
2026-03-19,ITEM_06,37,1,9,2
2026-03-19,ITEM_07,62,0,15,2
2026-03-19,ITEM_08,75,4,18,2
2026-03-20,ITEM_01,212,0,51,1
2026-03-20,ITEM_02,100,2,24,2
2026-03-20,ITEM_03,87,2,21,2
2026-03-20,ITEM_04,125,0,30,1
2026-03-20,ITEM_05,150,1,36,1
2026-03-20,ITEM_06,37,5,9,2
2026-03-20,ITEM_07,62,1,15,2
2026-03-20,ITEM_08,75,2,18,2
2026-03-21,ITEM_01,212,0,51,1
2026-03-21,ITEM_02,100,2,24,2
2026-03-21,ITEM_03,87,5,21,2
2026-03-21,ITEM_04,125,1,30,1
2026-03-21,ITEM_05,150,4,36,1
2026-03-21,ITEM_06,37,0,9,2
2026-03-21,ITEM_07,62,6,15,2
2026-03-21,ITEM_08,75,0,18,2
2026-03-22,ITEM_01,212,2,51,1
2026-03-22,ITEM_02,100,1,24,2
2026-03-22,ITEM_03,87,1,21,2
2026-03-22,ITEM_04,125,1,30,1
2026-03-22,ITEM_05,150,4,36,1
2026-03-22,ITEM_06,37,1,9,2
2026-03-22,ITEM_07,62,3,15,2
2026-03-22,ITEM_08,75,26,18,2
2026-03-23,ITEM_01,212,0,51,1
2026-03-23,ITEM_02,100,3,24,2
2026-03-23,ITEM_03,87,4,21,2
2026-03-23,ITEM_04,125,2,30,1
2026-03-23,ITEM_05,150,1,36,1
2026-03-23,ITEM_06,37,4,9,2
2026-03-23,ITEM_07,62,3,15,2
2026-03-23,ITEM_08,75,1,18,2
2026-03-24,ITEM_01,212,4,51,1
2026-03-24,ITEM_02,100,2,24,2
2026-03-24,ITEM_03,87,0,21,2
2026-03-24,ITEM_04,125,0,30,1
2026-03-24,ITEM_05,150,0,36,1
2026-03-24,ITEM_06,37,2,9,2
2026-03-24,ITEM_07,62,1,15,2
2026-03-24,ITEM_08,75,0,18,2
2026-03-25,ITEM_01,212,5,51,1
2026-03-25,ITEM_02,100,1,24,2
2026-03-25,ITEM_03,87,1,21,2
2026-03-25,ITEM_04,125,1,30,1
2026-03-25,ITEM_05,150,2,36,1
2026-03-25,ITEM_06,37,2,9,2
2026-03-25,ITEM_07,62,0,15,2
2026-03-25,ITEM_08,75,6,18,2
2026-03-26,ITEM_01,212,2,51,1
2026-03-26,ITEM_02,100,2,24,2
2026-03-26,ITEM_03,87,3,21,2
2026-03-26,ITEM_04,125,1,30,1
2026-03-26,ITEM_05,150,0,36,1
2026-03-26,ITEM_06,37,1,9,2
2026-03-26,ITEM_07,62,2,15,2
2026-03-26,ITEM_08,75,4,18,2
2026-03-27,ITEM_01,212,2,51,1
2026-03-27,ITEM_02,100,0,24,2
2026-03-27,ITEM_03,87,0,21,2
2026-03-27,ITEM_04,125,2,30,1
2026-03-27,ITEM_05,150,3,36,1
2026-03-27,ITEM_06,37,3,9,2
2026-03-27,ITEM_07,62,1,15,2
2026-03-27,ITEM_08,75,2,18,2
2026-03-28,ITEM_01,212,2,51,1
2026-03-28,ITEM_02,100,3,24,2
2026-03-28,ITEM_03,87,2,21,2
2026-03-28,ITEM_04,125,2,30,1
2026-03-28,ITEM_05,150,1,36,1
2026-03-28,ITEM_06,37,1,9,2
2026-03-28,ITEM_07,62,26,15,2
2026-03-28,ITEM_08,75,3,18,2
2026-03-29,ITEM_01,212,3,51,1
2026-03-29,ITEM_02,100,0,24,2
2026-03-29,ITEM_03,87,1,21,2
2026-03-29,ITEM_04,125,5,30,1
2026-03-29,ITEM_05,150,0,36,1
2026-03-29,ITEM_06,37,1,9,2
2026-03-29,ITEM_07,62,2,15,2
2026-03-29,ITEM_08,75,0,18,2
2026-03-30,ITEM_01,212,0,51,1
2026-03-30,ITEM_02,100,0,24,2
2026-03-30,ITEM_03,87,2,21,2
2026-03-30,ITEM_04,125,18,30,1
2026-03-30,ITEM_05,150,1,36,1
2026-03-30,ITEM_06,37,1,9,2
2026-03-30,ITEM_07,62,21,15,2
2026-03-30,ITEM_08,75,1,18,2
2026-03-31,ITEM_01,212,31,51,1
2026-03-31,ITEM_02,100,0,24,2
2026-03-31,ITEM_03,87,2,21,2
2026-03-31,ITEM_04,125,3,30,1
2026-03-31,ITEM_05,150,3,36,1
2026-03-31,ITEM_06,37,1,9,2
2026-03-31,ITEM_07,62,2,15,2
2026-03-31,ITEM_08,75,1,18,2
2026-04-01,ITEM_01,212,1,51,1
2026-04-01,ITEM_02,100,2,24,2
2026-04-01,ITEM_03,87,2,21,2
2026-04-01,ITEM_04,125,1,30,1
2026-04-01,ITEM_05,150,1,36,1
2026-04-01,ITEM_06,37,3,9,2
2026-04-01,ITEM_07,62,3,15,2
2026-04-01,ITEM_08,75,4,18,2
2026-04-02,ITEM_01,212,2,51,1
2026-04-02,ITEM_02,100,3,24,2
2026-04-02,ITEM_03,87,2,21,2
2026-04-02,ITEM_04,125,2,30,1
2026-04-02,ITEM_05,150,2,36,1
2026-04-02,ITEM_06,37,2,9,2
2026-04-02,ITEM_07,62,2,15,2
2026-04-02,ITEM_08,75,1,18,2
2026-04-03,ITEM_01,212,2,51,1
2026-04-03,ITEM_02,100,3,24,2
2026-04-03,ITEM_03,87,1,21,2
2026-04-03,ITEM_04,125,0,30,1
2026-04-03,ITEM_05,150,2,36,1
2026-04-03,ITEM_06,37,6,9,2
2026-04-03,ITEM_07,62,26,15,2
2026-04-03,ITEM_08,75,2,18,2
2026-04-04,ITEM_01,212,5,51,1
2026-04-04,ITEM_02,100,2,24,2
2026-04-04,ITEM_03,87,4,21,2
2026-04-04,ITEM_04,125,1,30,1
2026-04-04,ITEM_05,150,2,36,1
2026-04-04,ITEM_06,37,2,9,2
2026-04-04,ITEM_07,62,0,15,2
2026-04-04,ITEM_08,75,2,18,2
2026-04-05,ITEM_01,212,0,51,1
2026-04-05,ITEM_02,100,0,24,2
2026-04-05,ITEM_03,87,2,21,2
2026-04-05,ITEM_04,125,4,30,1
2026-04-05,ITEM_05,150,3,36,1
2026-04-05,ITEM_06,37,6,9,2
2026-04-05,ITEM_07,62,0,15,2
2026-04-05,ITEM_08,75,1,18,2
2026-04-06,ITEM_01,212,3,51,1
2026-04-06,ITEM_02,100,0,24,2
2026-04-06,ITEM_03,87,1,21,2
2026-04-06,ITEM_04,125,4,30,1
2026-04-06,ITEM_05,150,1,36,1
2026-04-06,ITEM_06,37,1,9,2
2026-04-06,ITEM_07,62,1,15,2
2026-04-06,ITEM_08,75,2,18,2
2026-04-07,ITEM_01,212,3,51,1
2026-04-07,ITEM_02,100,1,24,2
2026-04-07,ITEM_03,87,2,21,2
2026-04-07,ITEM_04,125,1,30,1
2026-04-07,ITEM_05,150,0,36,1
2026-04-07,ITEM_06,37,1,9,2
2026-04-07,ITEM_07,62,1,15,2
2026-04-07,ITEM_08,75,6,18,2
2026-04-08,ITEM_01,212,2,51,1
2026-04-08,ITEM_02,100,7,24,2
2026-04-08,ITEM_03,87,1,21,2
2026-04-08,ITEM_04,125,1,30,1
2026-04-08,ITEM_05,150,2,36,1
2026-04-08,ITEM_06,37,1,9,2
2026-04-08,ITEM_07,62,3,15,2
2026-04-08,ITEM_08,75,2,18,2
2026-04-09,ITEM_01,212,1,51,1
2026-04-09,ITEM_02,100,3,24,2
2026-04-09,ITEM_03,87,1,21,2
2026-04-09,ITEM_04,125,3,30,1
2026-04-09,ITEM_05,150,0,36,1
2026-04-09,ITEM_06,37,3,9,2
2026-04-09,ITEM_07,62,2,15,2
2026-04-09,ITEM_08,75,2,18,2
2026-04-10,ITEM_01,212,5,51,1
2026-04-10,ITEM_02,100,3,24,2
2026-04-10,ITEM_03,87,1,21,2
2026-04-10,ITEM_04,125,1,30,1
2026-04-10,ITEM_05,150,3,36,1
2026-04-10,ITEM_06,37,1,9,2
2026-04-10,ITEM_07,62,3,15,2
2026-04-10,ITEM_08,75,1,18,2
2026-04-11,ITEM_01,212,5,51,1
2026-04-11,ITEM_02,100,0,24,2
2026-04-11,ITEM_03,87,0,21,2
2026-04-11,ITEM_04,125,0,30,1
2026-04-11,ITEM_05,150,1,36,1
2026-04-11,ITEM_06,37,1,9,2
2026-04-11,ITEM_07,62,0,15,2
2026-04-11,ITEM_08,75,2,18,2
2026-04-12,ITEM_01,212,3,51,1
2026-04-12,ITEM_02,100,1,24,2
2026-04-12,ITEM_03,87,0,21,2
2026-04-12,ITEM_04,125,2,30,1
2026-04-12,ITEM_05,150,2,36,1
2026-04-12,ITEM_06,37,4,9,2
2026-04-12,ITEM_07,62,2,15,2
2026-04-12,ITEM_08,75,3,18,2
2026-04-13,ITEM_01,212,1,51,1
2026-04-13,ITEM_02,100,2,24,2
2026-04-13,ITEM_03,87,3,21,2
2026-04-13,ITEM_04,125,2,30,1
2026-04-13,ITEM_05,150,1,36,1
2026-04-13,ITEM_06,37,2,9,2
2026-04-13,ITEM_07,62,1,15,2
2026-04-13,ITEM_08,75,3,18,2
2026-04-14,ITEM_01,212,4,51,1
2026-04-14,ITEM_02,100,1,24,2
2026-04-14,ITEM_03,87,2,21,2
2026-04-14,ITEM_04,125,4,30,1
2026-04-14,ITEM_05,150,2,36,1
2026-04-14,ITEM_06,37,1,9,2
2026-04-14,ITEM_07,62,3,15,2
2026-04-14,ITEM_08,75,4,18,2
2026-04-15,ITEM_01,212,2,51,1
2026-04-15,ITEM_02,100,2,24,2
2026-04-15,ITEM_03,87,2,21,2
2026-04-15,ITEM_04,125,3,30,1
2026-04-15,ITEM_05,150,2,36,1
2026-04-15,ITEM_06,37,1,9,2
2026-04-15,ITEM_07,62,2,15,2
2026-04-15,ITEM_08,75,0,18,2
2026-04-16,ITEM_01,212,2,51,1
2026-04-16,ITEM_02,100,1,24,2
2026-04-16,ITEM_03,87,1,21,2
2026-04-16,ITEM_04,125,1,30,1
2026-04-16,ITEM_05,150,2,36,1
2026-04-16,ITEM_06,37,2,9,2
2026-04-16,ITEM_07,62,1,15,2
2026-04-16,ITEM_08,75,27,18,2
2026-04-17,ITEM_01,212,1,51,1
2026-04-17,ITEM_02,100,4,24,2
2026-04-17,ITEM_03,87,2,21,2
2026-04-17,ITEM_04,125,1,30,1
2026-04-17,ITEM_05,150,1,36,1
2026-04-17,ITEM_06,37,1,9,2
2026-04-17,ITEM_07,62,1,15,2
2026-04-17,ITEM_08,75,4,18,2
2026-04-18,ITEM_01,212,1,51,1
2026-04-18,ITEM_02,100,2,24,2
2026-04-18,ITEM_03,87,2,21,2
2026-04-18,ITEM_04,125,3,30,1
2026-04-18,ITEM_05,150,1,36,1
2026-04-18,ITEM_06,37,3,9,2
2026-04-18,ITEM_07,62,1,15,2
2026-04-18,ITEM_08,75,4,18,2
2026-04-19,ITEM_01,212,3,51,1
2026-04-19,ITEM_02,100,2,24,2
2026-04-19,ITEM_03,87,2,21,2
2026-04-19,ITEM_04,125,0,30,1
2026-04-19,ITEM_05,150,2,36,1
2026-04-19,ITEM_06,37,0,9,2
2026-04-19,ITEM_07,62,4,15,2
2026-04-19,ITEM_08,75,2,18,2
2026-04-20,ITEM_01,212,3,51,1
2026-04-20,ITEM_02,100,3,24,2
2026-04-20,ITEM_03,87,2,21,2
2026-04-20,ITEM_04,125,3,30,1
2026-04-20,ITEM_05,150,2,36,1
2026-04-20,ITEM_06,37,2,9,2
2026-04-20,ITEM_07,62,0,15,2
2026-04-20,ITEM_08,75,3,18,2
2026-04-21,ITEM_01,212,3,51,1
2026-04-21,ITEM_02,100,1,24,2
2026-04-21,ITEM_03,87,4,21,2
2026-04-21,ITEM_04,125,1,30,1
2026-04-21,ITEM_05,150,3,36,1
2026-04-21,ITEM_06,37,1,9,2
2026-04-21,ITEM_07,62,2,15,2
2026-04-21,ITEM_08,75,4,18,2
2026-04-22,ITEM_01,212,1,51,1
2026-04-22,ITEM_02,100,0,24,2
2026-04-22,ITEM_03,87,1,21,2
2026-04-22,ITEM_04,125,0,30,1
2026-04-22,ITEM_05,150,3,36,1
2026-04-22,ITEM_06,37,1,9,2
2026-04-22,ITEM_07,62,3,15,2
2026-04-22,ITEM_08,75,1,18,2
2026-04-23,ITEM_01,212,2,51,1
2026-04-23,ITEM_02,100,0,24,2
2026-04-23,ITEM_03,87,0,21,2
2026-04-23,ITEM_04,125,2,30,1
2026-04-23,ITEM_05,150,3,36,1
2026-04-23,ITEM_06,37,4,9,2
2026-04-23,ITEM_07,62,3,15,2
2026-04-23,ITEM_08,75,2,18,2
2026-04-24,ITEM_01,212,2,51,1
2026-04-24,ITEM_02,100,3,24,2
2026-04-24,ITEM_03,87,3,21,2
2026-04-24,ITEM_04,125,1,30,1
2026-04-24,ITEM_05,150,4,36,1
2026-04-24,ITEM_06,37,3,9,2
2026-04-24,ITEM_07,62,2,15,2
2026-04-24,ITEM_08,75,5,18,2
2026-04-25,ITEM_01,212,1,51,1
2026-04-25,ITEM_02,100,2,24,2
2026-04-25,ITEM_03,87,2,21,2
2026-04-25,ITEM_04,125,1,30,1
2026-04-25,ITEM_05,150,0,36,1
2026-04-25,ITEM_06,37,2,9,2
2026-04-25,ITEM_07,62,5,15,2
2026-04-25,ITEM_08,75,0,18,2
2026-04-26,ITEM_01,212,0,51,1
2026-04-26,ITEM_02,100,2,24,2
2026-04-26,ITEM_03,87,0,21,2
2026-04-26,ITEM_04,125,0,30,1
2026-04-26,ITEM_05,150,0,36,1
2026-04-26,ITEM_06,37,1,9,2
2026-04-26,ITEM_07,62,3,15,2
2026-04-26,ITEM_08,75,2,18,2
2026-04-27,ITEM_01,212,1,51,1
2026-04-27,ITEM_02,100,1,24,2
2026-04-27,ITEM_03,87,2,21,2
2026-04-27,ITEM_04,125,3,30,1
2026-04-27,ITEM_05,150,2,36,1
2026-04-27,ITEM_06,37,3,9,2
2026-04-27,ITEM_07,62,2,15,2
2026-04-27,ITEM_08,75,0,18,2
2026-04-28,ITEM_01,212,4,51,1
2026-04-28,ITEM_02,100,4,24,2
2026-04-28,ITEM_03,87,6,21,2
2026-04-28,ITEM_04,125,1,30,1
2026-04-28,ITEM_05,150,21,36,1
2026-04-28,ITEM_06,37,3,9,2
2026-04-28,ITEM_07,62,0,15,2
2026-04-28,ITEM_08,75,2,18,2
2026-04-29,ITEM_01,212,1,51,1
2026-04-29,ITEM_02,100,3,24,2
2026-04-29,ITEM_03,87,3,21,2
2026-04-29,ITEM_04,125,1,30,1
2026-04-29,ITEM_05,150,0,36,1
2026-04-29,ITEM_06,37,1,9,2
2026-04-29,ITEM_07,62,2,15,2
2026-04-29,ITEM_08,75,0,18,2
2026-04-30,ITEM_01,212,0,51,1
2026-04-30,ITEM_02,100,3,24,2
2026-04-30,ITEM_03,87,3,21,2
2026-04-30,ITEM_04,125,3,30,1
2026-04-30,ITEM_05,150,1,36,1
2026-04-30,ITEM_06,37,2,9,2
2026-04-30,ITEM_07,62,2,15,2
2026-04-30,ITEM_08,75,3,18,2
2026-05-01,ITEM_01,212,2,51,1
2026-05-01,ITEM_02,100,2,24,2
2026-05-01,ITEM_03,87,0,21,2
2026-05-01,ITEM_04,125,2,30,1
2026-05-01,ITEM_05,150,2,36,1
2026-05-01,ITEM_06,37,0,9,2
2026-05-01,ITEM_07,62,1,15,2
2026-05-01,ITEM_08,75,0,18,2
2026-05-02,ITEM_01,212,1,51,1
2026-05-02,ITEM_02,100,1,24,2
2026-05-02,ITEM_03,87,0,21,2
2026-05-02,ITEM_04,125,2,30,1
2026-05-02,ITEM_05,150,0,36,1
2026-05-02,ITEM_06,37,0,9,2
2026-05-02,ITEM_07,62,5,15,2
2026-05-02,ITEM_08,75,1,18,2
2026-05-03,ITEM_01,212,18,51,1
2026-05-03,ITEM_02,100,2,24,2
2026-05-03,ITEM_03,87,1,21,2
2026-05-03,ITEM_04,125,4,30,1
2026-05-03,ITEM_05,150,1,36,1
2026-05-03,ITEM_06,37,2,9,2
2026-05-03,ITEM_07,62,3,15,2
2026-05-03,ITEM_08,75,0,18,2
2026-05-04,ITEM_01,212,4,51,1
2026-05-04,ITEM_02,100,3,24,2
2026-05-04,ITEM_03,87,5,21,2
2026-05-04,ITEM_04,125,4,30,1
2026-05-04,ITEM_05,150,1,36,1
2026-05-04,ITEM_06,37,4,9,2
2026-05-04,ITEM_07,62,3,15,2
2026-05-04,ITEM_08,75,3,18,2
2026-05-05,ITEM_01,212,1,51,1
2026-05-05,ITEM_02,100,1,24,2
2026-05-05,ITEM_03,87,1,21,2
2026-05-05,ITEM_04,125,1,30,1
2026-05-05,ITEM_05,150,1,36,1
2026-05-05,ITEM_06,37,0,9,2
2026-05-05,ITEM_07,62,1,15,2
2026-05-05,ITEM_08,75,0,18,2
2026-05-06,ITEM_01,212,1,51,1
2026-05-06,ITEM_02,100,6,24,2
2026-05-06,ITEM_03,87,8,21,2
2026-05-06,ITEM_04,125,3,30,1
2026-05-06,ITEM_05,150,1,36,1
2026-05-06,ITEM_06,37,3,9,2
2026-05-06,ITEM_07,62,0,15,2
2026-05-06,ITEM_08,75,3,18,2
2026-05-07,ITEM_01,212,3,51,1
2026-05-07,ITEM_02,100,2,24,2
2026-05-07,ITEM_03,87,1,21,2
2026-05-07,ITEM_04,125,2,30,1
2026-05-07,ITEM_05,150,3,36,1
2026-05-07,ITEM_06,37,23,9,2
2026-05-07,ITEM_07,62,2,15,2
2026-05-07,ITEM_08,75,0,18,2
2026-05-08,ITEM_01,212,1,51,1
2026-05-08,ITEM_02,100,1,24,2
2026-05-08,ITEM_03,87,2,21,2
2026-05-08,ITEM_04,125,2,30,1
2026-05-08,ITEM_05,150,29,36,1
2026-05-08,ITEM_06,37,0,9,2
2026-05-08,ITEM_07,62,5,15,2
2026-05-08,ITEM_08,75,2,18,2
2026-05-09,ITEM_01,212,2,51,1
2026-05-09,ITEM_02,100,1,24,2
2026-05-09,ITEM_03,87,1,21,2
2026-05-09,ITEM_04,125,2,30,1
2026-05-09,ITEM_05,150,2,36,1
2026-05-09,ITEM_06,37,19,9,2
2026-05-09,ITEM_07,62,27,15,2
2026-05-09,ITEM_08,75,6,18,2
2026-05-10,ITEM_01,212,1,51,1
2026-05-10,ITEM_02,100,2,24,2
2026-05-10,ITEM_03,87,1,21,2
2026-05-10,ITEM_04,125,2,30,1
2026-05-10,ITEM_05,150,0,36,1
2026-05-10,ITEM_06,37,2,9,2
2026-05-10,ITEM_07,62,1,15,2
2026-05-10,ITEM_08,75,4,18,2
2026-05-11,ITEM_01,212,0,51,1
2026-05-11,ITEM_02,100,2,24,2
2026-05-11,ITEM_03,87,3,21,2
2026-05-11,ITEM_04,125,0,30,1
2026-05-11,ITEM_05,150,2,36,1
2026-05-11,ITEM_06,37,3,9,2
2026-05-11,ITEM_07,62,1,15,2
2026-05-11,ITEM_08,75,2,18,2
2026-05-12,ITEM_01,212,6,51,1
2026-05-12,ITEM_02,100,2,24,2
2026-05-12,ITEM_03,87,0,21,2
2026-05-12,ITEM_04,125,2,30,1
2026-05-12,ITEM_05,150,2,36,1
2026-05-12,ITEM_06,37,6,9,2
2026-05-12,ITEM_07,62,2,15,2
2026-05-12,ITEM_08,75,3,18,2
2026-05-13,ITEM_01,212,5,51,1
2026-05-13,ITEM_02,100,2,24,2
2026-05-13,ITEM_03,87,2,21,2
2026-05-13,ITEM_04,125,2,30,1
2026-05-13,ITEM_05,150,0,36,1
2026-05-13,ITEM_06,37,1,9,2
2026-05-13,ITEM_07,62,1,15,2
2026-05-13,ITEM_08,75,2,18,2
2026-05-14,ITEM_01,212,2,51,1
2026-05-14,ITEM_02,100,5,24,2
2026-05-14,ITEM_03,87,1,21,2
2026-05-14,ITEM_04,125,3,30,1
2026-05-14,ITEM_05,150,1,36,1
2026-05-14,ITEM_06,37,2,9,2
2026-05-14,ITEM_07,62,2,15,2
2026-05-14,ITEM_08,75,1,18,2
2026-05-15,ITEM_01,212,1,51,1
2026-05-15,ITEM_02,100,2,24,2
2026-05-15,ITEM_03,87,1,21,2
2026-05-15,ITEM_04,125,2,30,1
2026-05-15,ITEM_05,150,2,36,1
2026-05-15,ITEM_06,37,2,9,2
2026-05-15,ITEM_07,62,1,15,2
2026-05-15,ITEM_08,75,5,18,2
2026-05-16,ITEM_01,212,0,51,1
2026-05-16,ITEM_02,100,2,24,2
2026-05-16,ITEM_03,87,2,21,2
2026-05-16,ITEM_04,125,4,30,1
2026-05-16,ITEM_05,150,1,36,1
2026-05-16,ITEM_06,37,2,9,2
2026-05-16,ITEM_07,62,1,15,2
2026-05-16,ITEM_08,75,0,18,2
2026-05-17,ITEM_01,212,4,51,1
2026-05-17,ITEM_02,100,3,24,2
2026-05-17,ITEM_03,87,2,21,2
2026-05-17,ITEM_04,125,1,30,1
2026-05-17,ITEM_05,150,3,36,1
2026-05-17,ITEM_06,37,3,9,2
2026-05-17,ITEM_07,62,3,15,2
2026-05-17,ITEM_08,75,0,18,2
2026-05-18,ITEM_01,212,3,51,1
2026-05-18,ITEM_02,100,2,24,2
2026-05-18,ITEM_03,87,1,21,2
2026-05-18,ITEM_04,125,2,30,1
2026-05-18,ITEM_05,150,29,36,1
2026-05-18,ITEM_06,37,2,9,2
2026-05-18,ITEM_07,62,1,15,2
2026-05-18,ITEM_08,75,1,18,2
2026-05-19,ITEM_01,212,1,51,1
2026-05-19,ITEM_02,100,29,24,2
2026-05-19,ITEM_03,87,1,21,2
2026-05-19,ITEM_04,125,0,30,1
2026-05-19,ITEM_05,150,0,36,1
2026-05-19,ITEM_06,37,3,9,2
2026-05-19,ITEM_07,62,2,15,2
2026-05-19,ITEM_08,75,2,18,2
2026-05-20,ITEM_01,212,1,51,1
2026-05-20,ITEM_02,100,1,24,2
2026-05-20,ITEM_03,87,1,21,2
2026-05-20,ITEM_04,125,3,30,1
2026-05-20,ITEM_05,150,0,36,1
2026-05-20,ITEM_06,37,18,9,2
2026-05-20,ITEM_07,62,3,15,2
2026-05-20,ITEM_08,75,3,18,2
2026-05-21,ITEM_01,212,1,51,1
2026-05-21,ITEM_02,100,2,24,2
2026-05-21,ITEM_03,87,2,21,2
2026-05-21,ITEM_04,125,1,30,1
2026-05-21,ITEM_05,150,5,36,1
2026-05-21,ITEM_06,37,2,9,2
2026-05-21,ITEM_07,62,2,15,2
2026-05-21,ITEM_08,75,5,18,2
2026-05-22,ITEM_01,212,3,51,1
2026-05-22,ITEM_02,100,1,24,2
2026-05-22,ITEM_03,87,18,21,2
2026-05-22,ITEM_04,125,2,30,1
2026-05-22,ITEM_05,150,0,36,1
2026-05-22,ITEM_06,37,1,9,2
2026-05-22,ITEM_07,62,3,15,2
2026-05-22,ITEM_08,75,2,18,2
2026-05-23,ITEM_01,212,2,51,1
2026-05-23,ITEM_02,100,4,24,2
2026-05-23,ITEM_03,87,1,21,2
2026-05-23,ITEM_04,125,4,30,1
2026-05-23,ITEM_05,150,1,36,1
2026-05-23,ITEM_06,37,3,9,2
2026-05-23,ITEM_07,62,2,15,2
2026-05-23,ITEM_08,75,2,18,2
2026-05-24,ITEM_01,212,2,51,1
2026-05-24,ITEM_02,100,4,24,2
2026-05-24,ITEM_03,87,2,21,2
2026-05-24,ITEM_04,125,0,30,1
2026-05-24,ITEM_05,150,2,36,1
2026-05-24,ITEM_06,37,2,9,2
2026-05-24,ITEM_07,62,1,15,2
2026-05-24,ITEM_08,75,6,18,2
2026-05-25,ITEM_01,212,3,51,1
2026-05-25,ITEM_02,100,4,24,2
2026-05-25,ITEM_03,87,2,21,2
2026-05-25,ITEM_04,125,5,30,1
2026-05-25,ITEM_05,150,4,36,1
2026-05-25,ITEM_06,37,19,9,2
2026-05-25,ITEM_07,62,5,15,2
2026-05-25,ITEM_08,75,4,18,2
2026-05-26,ITEM_01,212,2,51,1
2026-05-26,ITEM_02,100,3,24,2
2026-05-26,ITEM_03,87,2,21,2
2026-05-26,ITEM_04,125,2,30,1
2026-05-26,ITEM_05,150,1,36,1
2026-05-26,ITEM_06,37,4,9,2
2026-05-26,ITEM_07,62,2,15,2
2026-05-26,ITEM_08,75,2,18,2
2026-05-27,ITEM_01,212,21,51,1
2026-05-27,ITEM_02,100,3,24,2
2026-05-27,ITEM_03,87,3,21,2
2026-05-27,ITEM_04,125,2,30,1
2026-05-27,ITEM_05,150,1,36,1
2026-05-27,ITEM_06,37,1,9,2
2026-05-27,ITEM_07,62,28,15,2
2026-05-27,ITEM_08,75,2,18,2
2026-05-28,ITEM_01,212,3,51,1
2026-05-28,ITEM_02,100,2,24,2
2026-05-28,ITEM_03,87,1,21,2
2026-05-28,ITEM_04,125,3,30,1
2026-05-28,ITEM_05,150,2,36,1
2026-05-28,ITEM_06,37,0,9,2
2026-05-28,ITEM_07,62,0,15,2
2026-05-28,ITEM_08,75,0,18,2
2026-05-29,ITEM_01,212,2,51,1
2026-05-29,ITEM_02,100,1,24,2
2026-05-29,ITEM_03,87,0,21,2
2026-05-29,ITEM_04,125,1,30,1
2026-05-29,ITEM_05,150,1,36,1
2026-05-29,ITEM_06,37,28,9,2
2026-05-29,ITEM_07,62,2,15,2
2026-05-29,ITEM_08,75,2,18,2
2026-05-30,ITEM_01,212,19,51,1
2026-05-30,ITEM_02,100,3,24,2
2026-05-30,ITEM_03,87,3,21,2
2026-05-30,ITEM_04,125,2,30,1
2026-05-30,ITEM_05,150,2,36,1
2026-05-30,ITEM_06,37,4,9,2
2026-05-30,ITEM_07,62,1,15,2
2026-05-30,ITEM_08,75,2,18,2
2026-05-31,ITEM_01,212,2,51,1
2026-05-31,ITEM_02,100,2,24,2
2026-05-31,ITEM_03,87,1,21,2
2026-05-31,ITEM_04,125,2,30,1
2026-05-31,ITEM_05,150,2,36,1
2026-05-31,ITEM_06,37,2,9,2
2026-05-31,ITEM_07,62,4,15,2
2026-05-31,ITEM_08,75,1,18,2
2026-06-01,ITEM_01,212,3,51,1
2026-06-01,ITEM_02,100,3,24,2
2026-06-01,ITEM_03,87,2,21,2
2026-06-01,ITEM_04,125,0,30,1
2026-06-01,ITEM_05,150,1,36,1
2026-06-01,ITEM_06,37,28,9,2
2026-06-01,ITEM_07,62,1,15,2
2026-06-01,ITEM_08,75,2,18,2
2026-06-02,ITEM_01,212,4,51,1
2026-06-02,ITEM_02,100,4,24,2
2026-06-02,ITEM_03,87,2,21,2
2026-06-02,ITEM_04,125,0,30,1
2026-06-02,ITEM_05,150,2,36,1
2026-06-02,ITEM_06,37,22,9,2
2026-06-02,ITEM_07,62,3,15,2
2026-06-02,ITEM_08,75,4,18,2
2026-06-03,ITEM_01,212,3,51,1
2026-06-03,ITEM_02,100,2,24,2
2026-06-03,ITEM_03,87,2,21,2
2026-06-03,ITEM_04,125,0,30,1
2026-06-03,ITEM_05,150,1,36,1
2026-06-03,ITEM_06,37,1,9,2
2026-06-03,ITEM_07,62,4,15,2
2026-06-03,ITEM_08,75,3,18,2
2026-06-04,ITEM_01,212,3,51,1
2026-06-04,ITEM_02,100,3,24,2
2026-06-04,ITEM_03,87,3,21,2
2026-06-04,ITEM_04,125,4,30,1
2026-06-04,ITEM_05,150,2,36,1
2026-06-04,ITEM_06,37,5,9,2
2026-06-04,ITEM_07,62,2,15,2
2026-06-04,ITEM_08,75,3,18,2
2026-06-05,ITEM_01,212,2,51,1
2026-06-05,ITEM_02,100,1,24,2
2026-06-05,ITEM_03,87,0,21,2
2026-06-05,ITEM_04,125,2,30,1
2026-06-05,ITEM_05,150,0,36,1
2026-06-05,ITEM_06,37,2,9,2
2026-06-05,ITEM_07,62,2,15,2
2026-06-05,ITEM_08,75,4,18,2
2026-06-06,ITEM_01,212,2,51,1
2026-06-06,ITEM_02,100,0,24,2
2026-06-06,ITEM_03,87,3,21,2
2026-06-06,ITEM_04,125,2,30,1
2026-06-06,ITEM_05,150,0,36,1
2026-06-06,ITEM_06,37,4,9,2
2026-06-06,ITEM_07,62,5,15,2
2026-06-06,ITEM_08,75,5,18,2
2026-06-07,ITEM_01,212,2,51,1
2026-06-07,ITEM_02,100,0,24,2
2026-06-07,ITEM_03,87,3,21,2
2026-06-07,ITEM_04,125,4,30,1
2026-06-07,ITEM_05,150,5,36,1
2026-06-07,ITEM_06,37,2,9,2
2026-06-07,ITEM_07,62,0,15,2
2026-06-07,ITEM_08,75,2,18,2
2026-06-08,ITEM_01,212,4,51,1
2026-06-08,ITEM_02,100,1,24,2
2026-06-08,ITEM_03,87,2,21,2
2026-06-08,ITEM_04,125,3,30,1
2026-06-08,ITEM_05,150,1,36,1
2026-06-08,ITEM_06,37,3,9,2
2026-06-08,ITEM_07,62,1,15,2
2026-06-08,ITEM_08,75,0,18,2
2026-06-09,ITEM_01,212,2,51,1
2026-06-09,ITEM_02,100,2,24,2
2026-06-09,ITEM_03,87,0,21,2
2026-06-09,ITEM_04,125,2,30,1
2026-06-09,ITEM_05,150,1,36,1
2026-06-09,ITEM_06,37,3,9,2
2026-06-09,ITEM_07,62,1,15,2
2026-06-09,ITEM_08,75,2,18,2
2026-06-10,ITEM_01,212,4,51,1
2026-06-10,ITEM_02,100,4,24,2
2026-06-10,ITEM_03,87,2,21,2
2026-06-10,ITEM_04,125,1,30,1
2026-06-10,ITEM_05,150,2,36,1
2026-06-10,ITEM_06,37,2,9,2
2026-06-10,ITEM_07,62,6,15,2
2026-06-10,ITEM_08,75,0,18,2
2026-06-11,ITEM_01,212,2,51,1
2026-06-11,ITEM_02,100,1,24,2
2026-06-11,ITEM_03,87,4,21,2
2026-06-11,ITEM_04,125,2,30,1
2026-06-11,ITEM_05,150,2,36,1
2026-06-11,ITEM_06,37,2,9,2
2026-06-11,ITEM_07,62,5,15,2
2026-06-11,ITEM_08,75,1,18,2
2026-06-12,ITEM_01,212,19,51,1
2026-06-12,ITEM_02,100,0,24,2
2026-06-12,ITEM_03,87,2,21,2
2026-06-12,ITEM_04,125,5,30,1
2026-06-12,ITEM_05,150,28,36,1
2026-06-12,ITEM_06,37,2,9,2
2026-06-12,ITEM_07,62,6,15,2
2026-06-12,ITEM_08,75,3,18,2
2026-06-13,ITEM_01,212,1,51,1
2026-06-13,ITEM_02,100,2,24,2
2026-06-13,ITEM_03,87,2,21,2
2026-06-13,ITEM_04,125,1,30,1
2026-06-13,ITEM_05,150,1,36,1
2026-06-13,ITEM_06,37,1,9,2
2026-06-13,ITEM_07,62,3,15,2
2026-06-13,ITEM_08,75,4,18,2
2026-06-14,ITEM_01,212,5,51,1
2026-06-14,ITEM_02,100,4,24,2
2026-06-14,ITEM_03,87,4,21,2
2026-06-14,ITEM_04,125,3,30,1
2026-06-14,ITEM_05,150,0,36,1
2026-06-14,ITEM_06,37,1,9,2
2026-06-14,ITEM_07,62,2,15,2
2026-06-14,ITEM_08,75,3,18,2
2026-06-15,ITEM_01,212,2,51,1
2026-06-15,ITEM_02,100,2,24,2
2026-06-15,ITEM_03,87,2,21,2
2026-06-15,ITEM_04,125,0,30,1
2026-06-15,ITEM_05,150,3,36,1
2026-06-15,ITEM_06,37,2,9,2
2026-06-15,ITEM_07,62,2,15,2
2026-06-15,ITEM_08,75,1,18,2
2026-06-16,ITEM_01,212,2,51,1
2026-06-16,ITEM_02,100,1,24,2
2026-06-16,ITEM_03,87,0,21,2
2026-06-16,ITEM_04,125,0,30,1
2026-06-16,ITEM_05,150,3,36,1
2026-06-16,ITEM_06,37,4,9,2
2026-06-16,ITEM_07,62,0,15,2
2026-06-16,ITEM_08,75,1,18,2
2026-06-17,ITEM_01,212,2,51,1
2026-06-17,ITEM_02,100,1,24,2
2026-06-17,ITEM_03,87,1,21,2
2026-06-17,ITEM_04,125,3,30,1
2026-06-17,ITEM_05,150,3,36,1
2026-06-17,ITEM_06,37,0,9,2
2026-06-17,ITEM_07,62,3,15,2
2026-06-17,ITEM_08,75,4,18,2
2026-06-18,ITEM_01,212,4,51,1
2026-06-18,ITEM_02,100,2,24,2
2026-06-18,ITEM_03,87,2,21,2
2026-06-18,ITEM_04,125,0,30,1
2026-06-18,ITEM_05,150,5,36,1
2026-06-18,ITEM_06,37,1,9,2
2026-06-18,ITEM_07,62,1,15,2
2026-06-18,ITEM_08,75,2,18,2
2026-06-19,ITEM_01,212,5,51,1
2026-06-19,ITEM_02,100,0,24,2
2026-06-19,ITEM_03,87,2,21,2
2026-06-19,ITEM_04,125,0,30,1
2026-06-19,ITEM_05,150,2,36,1
2026-06-19,ITEM_06,37,1,9,2
2026-06-19,ITEM_07,62,2,15,2
2026-06-19,ITEM_08,75,3,18,2
2026-06-20,ITEM_01,212,0,51,1
2026-06-20,ITEM_02,100,2,24,2
2026-06-20,ITEM_03,87,3,21,2
2026-06-20,ITEM_04,125,1,30,1
2026-06-20,ITEM_05,150,4,36,1
2026-06-20,ITEM_06,37,3,9,2
2026-06-20,ITEM_07,62,1,15,2
2026-06-20,ITEM_08,75,2,18,2
2026-06-21,ITEM_01,212,0,51,1
2026-06-21,ITEM_02,100,2,24,2
2026-06-21,ITEM_03,87,2,21,2
2026-06-21,ITEM_04,125,4,30,1
2026-06-21,ITEM_05,150,3,36,1
2026-06-21,ITEM_06,37,1,9,2
2026-06-21,ITEM_07,62,0,15,2
2026-06-21,ITEM_08,75,3,18,2
2026-06-22,ITEM_01,212,1,51,1
2026-06-22,ITEM_02,100,3,24,2
2026-06-22,ITEM_03,87,2,21,2
2026-06-22,ITEM_04,125,1,30,1
2026-06-22,ITEM_05,150,1,36,1
2026-06-22,ITEM_06,37,0,9,2
2026-06-22,ITEM_07,62,3,15,2
2026-06-22,ITEM_08,75,4,18,2
2026-06-23,ITEM_01,212,2,51,1
2026-06-23,ITEM_02,100,0,24,2
2026-06-23,ITEM_03,87,1,21,2
2026-06-23,ITEM_04,125,1,30,1
2026-06-23,ITEM_05,150,1,36,1
2026-06-23,ITEM_06,37,2,9,2
2026-06-23,ITEM_07,62,2,15,2
2026-06-23,ITEM_08,75,5,18,2
2026-06-24,ITEM_01,212,1,51,1
2026-06-24,ITEM_02,100,2,24,2
2026-06-24,ITEM_03,87,2,21,2
2026-06-24,ITEM_04,125,3,30,1
2026-06-24,ITEM_05,150,2,36,1
2026-06-24,ITEM_06,37,0,9,2
2026-06-24,ITEM_07,62,1,15,2
2026-06-24,ITEM_08,75,3,18,2
2026-06-25,ITEM_01,212,0,51,1
2026-06-25,ITEM_02,100,3,24,2
2026-06-25,ITEM_03,87,4,21,2
2026-06-25,ITEM_04,125,1,30,1
2026-06-25,ITEM_05,150,2,36,1
2026-06-25,ITEM_06,37,2,9,2
2026-06-25,ITEM_07,62,2,15,2
2026-06-25,ITEM_08,75,2,18,2
2026-06-26,ITEM_01,212,5,51,1
2026-06-26,ITEM_02,100,1,24,2
2026-06-26,ITEM_03,87,0,21,2
2026-06-26,ITEM_04,125,0,30,1
2026-06-26,ITEM_05,150,1,36,1
2026-06-26,ITEM_06,37,2,9,2
2026-06-26,ITEM_07,62,1,15,2
2026-06-26,ITEM_08,75,4,18,2
2026-06-27,ITEM_01,212,2,51,1
2026-06-27,ITEM_02,100,2,24,2
2026-06-27,ITEM_03,87,1,21,2
2026-06-27,ITEM_04,125,3,30,1
2026-06-27,ITEM_05,150,3,36,1
2026-06-27,ITEM_06,37,2,9,2
2026-06-27,ITEM_07,62,3,15,2
2026-06-27,ITEM_08,75,1,18,2
2026-06-28,ITEM_01,212,1,51,1
2026-06-28,ITEM_02,100,1,24,2
2026-06-28,ITEM_03,87,4,21,2
2026-06-28,ITEM_04,125,1,30,1
2026-06-28,ITEM_05,150,5,36,1
2026-06-28,ITEM_06,37,1,9,2
2026-06-28,ITEM_07,62,2,15,2
2026-06-28,ITEM_08,75,1,18,2
2026-06-29,ITEM_01,212,4,51,1
2026-06-29,ITEM_02,100,3,24,2
2026-06-29,ITEM_03,87,2,21,2
2026-06-29,ITEM_04,125,3,30,1
2026-06-29,ITEM_05,150,3,36,1
2026-06-29,ITEM_06,37,3,9,2
2026-06-29,ITEM_07,62,1,15,2
2026-06-29,ITEM_08,75,2,18,2
2026-06-30,ITEM_01,212,1,51,1
2026-06-30,ITEM_02,100,2,24,2
2026-06-30,ITEM_03,87,3,21,2
2026-06-30,ITEM_04,125,2,30,1
2026-06-30,ITEM_05,150,2,36,1
2026-06-30,ITEM_06,37,1,9,2
2026-06-30,ITEM_07,62,1,15,2
2026-06-30,ITEM_08,75,1,18,2
2026-07-01,ITEM_01,212,0,51,1
2026-07-01,ITEM_02,100,1,24,2
2026-07-01,ITEM_03,87,0,21,2
2026-07-01,ITEM_04,125,2,30,1
2026-07-01,ITEM_05,150,3,36,1
2026-07-01,ITEM_06,37,2,9,2
2026-07-01,ITEM_07,62,0,15,2
2026-07-01,ITEM_08,75,5,18,2
2026-07-02,ITEM_01,212,1,51,1
2026-07-02,ITEM_02,100,2,24,2
2026-07-02,ITEM_03,87,2,21,2
2026-07-02,ITEM_04,125,0,30,1
2026-07-02,ITEM_05,150,1,36,1
2026-07-02,ITEM_06,37,2,9,2
2026-07-02,ITEM_07,62,1,15,2
2026-07-02,ITEM_08,75,21,18,2
2026-07-03,ITEM_01,212,2,51,1
2026-07-03,ITEM_02,100,2,24,2
2026-07-03,ITEM_03,87,1,21,2
2026-07-03,ITEM_04,125,0,30,1
2026-07-03,ITEM_05,150,0,36,1
2026-07-03,ITEM_06,37,2,9,2
2026-07-03,ITEM_07,62,0,15,2
2026-07-03,ITEM_08,75,4,18,2
2026-07-04,ITEM_01,212,2,51,1
2026-07-04,ITEM_02,100,0,24,2
2026-07-04,ITEM_03,87,2,21,2
2026-07-04,ITEM_04,125,1,30,1
2026-07-04,ITEM_05,150,1,36,1
2026-07-04,ITEM_06,37,2,9,2
2026-07-04,ITEM_07,62,33,15,2
2026-07-04,ITEM_08,75,0,18,2
2026-07-05,ITEM_01,212,4,51,1
2026-07-05,ITEM_02,100,0,24,2
2026-07-05,ITEM_03,87,3,21,2
2026-07-05,ITEM_04,125,2,30,1
2026-07-05,ITEM_05,150,4,36,1
2026-07-05,ITEM_06,37,0,9,2
2026-07-05,ITEM_07,62,0,15,2
2026-07-05,ITEM_08,75,0,18,2
2026-07-06,ITEM_01,212,0,51,1
2026-07-06,ITEM_02,100,1,24,2
2026-07-06,ITEM_03,87,3,21,2
2026-07-06,ITEM_04,125,2,30,1
2026-07-06,ITEM_05,150,1,36,1
2026-07-06,ITEM_06,37,3,9,2
2026-07-06,ITEM_07,62,1,15,2
2026-07-06,ITEM_08,75,2,18,2
2026-07-07,ITEM_01,212,2,51,1
2026-07-07,ITEM_02,100,1,24,2
2026-07-07,ITEM_03,87,3,21,2
2026-07-07,ITEM_04,125,3,30,1
2026-07-07,ITEM_05,150,1,36,1
2026-07-07,ITEM_06,37,1,9,2
2026-07-07,ITEM_07,62,1,15,2
2026-07-07,ITEM_08,75,5,18,2
2026-07-08,ITEM_01,212,2,51,1
2026-07-08,ITEM_02,100,2,24,2
2026-07-08,ITEM_03,87,2,21,2
2026-07-08,ITEM_04,125,1,30,1
2026-07-08,ITEM_05,150,6,36,1
2026-07-08,ITEM_06,37,2,9,2
2026-07-08,ITEM_07,62,3,15,2
2026-07-08,ITEM_08,75,2,18,2
2026-07-09,ITEM_01,212,3,51,1
2026-07-09,ITEM_02,100,1,24,2
2026-07-09,ITEM_03,87,2,21,2
2026-07-09,ITEM_04,125,3,30,1
2026-07-09,ITEM_05,150,1,36,1
2026-07-09,ITEM_06,37,2,9,2
2026-07-09,ITEM_07,62,1,15,2
2026-07-09,ITEM_08,75,1,18,2
2026-07-10,ITEM_01,212,1,51,1
2026-07-10,ITEM_02,100,3,24,2
2026-07-10,ITEM_03,87,3,21,2
2026-07-10,ITEM_04,125,3,30,1
2026-07-10,ITEM_05,150,1,36,1
2026-07-10,ITEM_06,37,1,9,2
2026-07-10,ITEM_07,62,2,15,2
2026-07-10,ITEM_08,75,2,18,2
2026-07-11,ITEM_01,212,1,51,1
2026-07-11,ITEM_02,100,1,24,2
2026-07-11,ITEM_03,87,4,21,2
2026-07-11,ITEM_04,125,2,30,1
2026-07-11,ITEM_05,150,3,36,1
2026-07-11,ITEM_06,37,2,9,2
2026-07-11,ITEM_07,62,1,15,2
2026-07-11,ITEM_08,75,1,18,2
2026-07-12,ITEM_01,212,1,51,1
2026-07-12,ITEM_02,100,3,24,2
2026-07-12,ITEM_03,87,1,21,2
2026-07-12,ITEM_04,125,3,30,1
2026-07-12,ITEM_05,150,2,36,1
2026-07-12,ITEM_06,37,4,9,2
2026-07-12,ITEM_07,62,3,15,2
2026-07-12,ITEM_08,75,4,18,2
2026-07-13,ITEM_01,212,3,51,1
2026-07-13,ITEM_02,100,2,24,2
2026-07-13,ITEM_03,87,1,21,2
2026-07-13,ITEM_04,125,3,30,1
2026-07-13,ITEM_05,150,2,36,1
2026-07-13,ITEM_06,37,2,9,2
2026-07-13,ITEM_07,62,0,15,2
2026-07-13,ITEM_08,75,3,18,2
2026-07-14,ITEM_01,212,2,51,1
2026-07-14,ITEM_02,100,2,24,2
2026-07-14,ITEM_03,87,2,21,2
2026-07-14,ITEM_04,125,4,30,1
2026-07-14,ITEM_05,150,2,36,1
2026-07-14,ITEM_06,37,1,9,2
2026-07-14,ITEM_07,62,4,15,2
2026-07-14,ITEM_08,75,0,18,2
2026-07-15,ITEM_01,212,4,51,1
2026-07-15,ITEM_02,100,3,24,2
2026-07-15,ITEM_03,87,3,21,2
2026-07-15,ITEM_04,125,2,30,1
2026-07-15,ITEM_05,150,3,36,1
2026-07-15,ITEM_06,37,3,9,2
2026-07-15,ITEM_07,62,2,15,2
2026-07-15,ITEM_08,75,4,18,2
2026-07-16,ITEM_01,212,5,51,1
2026-07-16,ITEM_02,100,1,24,2
2026-07-16,ITEM_03,87,1,21,2
2026-07-16,ITEM_04,125,3,30,1
2026-07-16,ITEM_05,150,0,36,1
2026-07-16,ITEM_06,37,2,9,2
2026-07-16,ITEM_07,62,3,15,2
2026-07-16,ITEM_08,75,2,18,2
2026-07-17,ITEM_01,212,3,51,1
2026-07-17,ITEM_02,100,1,24,2
2026-07-17,ITEM_03,87,2,21,2
2026-07-17,ITEM_04,125,1,30,1
2026-07-17,ITEM_05,150,0,36,1
2026-07-17,ITEM_06,37,3,9,2
2026-07-17,ITEM_07,62,2,15,2
2026-07-17,ITEM_08,75,2,18,2
2026-07-18,ITEM_01,212,4,51,1
2026-07-18,ITEM_02,100,2,24,2
2026-07-18,ITEM_03,87,2,21,2
2026-07-18,ITEM_04,125,1,30,1
2026-07-18,ITEM_05,150,2,36,1
2026-07-18,ITEM_06,37,3,9,2
2026-07-18,ITEM_07,62,3,15,2
2026-07-18,ITEM_08,75,0,18,2
2026-07-19,ITEM_01,212,3,51,1
2026-07-19,ITEM_02,100,4,24,2
2026-07-19,ITEM_03,87,1,21,2
2026-07-19,ITEM_04,125,2,30,1
2026-07-19,ITEM_05,150,3,36,1
2026-07-19,ITEM_06,37,0,9,2
2026-07-19,ITEM_07,62,1,15,2
2026-07-19,ITEM_08,75,4,18,2
2026-07-20,ITEM_01,212,0,51,1
2026-07-20,ITEM_02,100,3,24,2
2026-07-20,ITEM_03,87,2,21,2
2026-07-20,ITEM_04,125,5,30,1
2026-07-20,ITEM_05,150,1,36,1
2026-07-20,ITEM_06,37,3,9,2
2026-07-20,ITEM_07,62,0,15,2
2026-07-20,ITEM_08,75,1,18,2
2026-07-21,ITEM_01,212,1,51,1
2026-07-21,ITEM_02,100,4,24,2
2026-07-21,ITEM_03,87,2,21,2
2026-07-21,ITEM_04,125,3,30,1
2026-07-21,ITEM_05,150,2,36,1
2026-07-21,ITEM_06,37,3,9,2
2026-07-21,ITEM_07,62,1,15,2
2026-07-21,ITEM_08,75,1,18,2
2026-07-22,ITEM_01,212,1,51,1
2026-07-22,ITEM_02,100,2,24,2
2026-07-22,ITEM_03,87,2,21,2
2026-07-22,ITEM_04,125,0,30,1
2026-07-22,ITEM_05,150,3,36,1
2026-07-22,ITEM_06,37,3,9,2
2026-07-22,ITEM_07,62,1,15,2
2026-07-22,ITEM_08,75,0,18,2
2026-07-23,ITEM_01,212,2,51,1
2026-07-23,ITEM_02,100,2,24,2
2026-07-23,ITEM_03,87,4,21,2
2026-07-23,ITEM_04,125,2,30,1
2026-07-23,ITEM_05,150,3,36,1
2026-07-23,ITEM_06,37,4,9,2
2026-07-23,ITEM_07,62,2,15,2
2026-07-23,ITEM_08,75,2,18,2
2026-07-24,ITEM_01,212,1,51,1
2026-07-24,ITEM_02,100,0,24,2
2026-07-24,ITEM_03,87,4,21,2
2026-07-24,ITEM_04,125,1,30,1
2026-07-24,ITEM_05,150,0,36,1
2026-07-24,ITEM_06,37,1,9,2
2026-07-24,ITEM_07,62,2,15,2
2026-07-24,ITEM_08,75,3,18,2
2026-07-25,ITEM_01,212,29,51,1
2026-07-25,ITEM_02,100,1,24,2
2026-07-25,ITEM_03,87,0,21,2
2026-07-25,ITEM_04,125,2,30,1
2026-07-25,ITEM_05,150,2,36,1
2026-07-25,ITEM_06,37,0,9,2
2026-07-25,ITEM_07,62,2,15,2
2026-07-25,ITEM_08,75,0,18,2
2026-07-26,ITEM_01,212,2,51,1
2026-07-26,ITEM_02,100,2,24,2
2026-07-26,ITEM_03,87,2,21,2
2026-07-26,ITEM_04,125,1,30,1
2026-07-26,ITEM_05,150,6,36,1
2026-07-26,ITEM_06,37,2,9,2
2026-07-26,ITEM_07,62,1,15,2
2026-07-26,ITEM_08,75,2,18,2
2026-07-27,ITEM_01,212,3,51,1
2026-07-27,ITEM_02,100,1,24,2
2026-07-27,ITEM_03,87,1,21,2
2026-07-27,ITEM_04,125,2,30,1
2026-07-27,ITEM_05,150,4,36,1
2026-07-27,ITEM_06,37,2,9,2
2026-07-27,ITEM_07,62,5,15,2
2026-07-27,ITEM_08,75,1,18,2
2026-07-28,ITEM_01,212,4,51,1
2026-07-28,ITEM_02,100,2,24,2
2026-07-28,ITEM_03,87,1,21,2
2026-07-28,ITEM_04,125,5,30,1
2026-07-28,ITEM_05,150,1,36,1
2026-07-28,ITEM_06,37,1,9,2
2026-07-28,ITEM_07,62,1,15,2
2026-07-28,ITEM_08,75,2,18,2
2026-07-29,ITEM_01,212,3,51,1
2026-07-29,ITEM_02,100,4,24,2
2026-07-29,ITEM_03,87,4,21,2
2026-07-29,ITEM_04,125,3,30,1
2026-07-29,ITEM_05,150,5,36,1
2026-07-29,ITEM_06,37,1,9,2
2026-07-29,ITEM_07,62,3,15,2
2026-07-29,ITEM_08,75,2,18,2
2026-07-30,ITEM_01,212,0,51,1
2026-07-30,ITEM_02,100,4,24,2
2026-07-30,ITEM_03,87,2,21,2
2026-07-30,ITEM_04,125,3,30,1
2026-07-30,ITEM_05,150,1,36,1
2026-07-30,ITEM_06,37,3,9,2
2026-07-30,ITEM_07,62,4,15,2
2026-07-30,ITEM_08,75,3,18,2
2026-07-31,ITEM_01,212,0,51,1
2026-07-31,ITEM_02,100,1,24,2
2026-07-31,ITEM_03,87,1,21,2
2026-07-31,ITEM_04,125,2,30,1
2026-07-31,ITEM_05,150,2,36,1
2026-07-31,ITEM_06,37,1,9,2
2026-07-31,ITEM_07,62,1,15,2
2026-07-31,ITEM_08,75,2,18,2
2026-08-01,ITEM_01,212,3,51,1
2026-08-01,ITEM_02,100,0,24,2
2026-08-01,ITEM_03,87,1,21,2
2026-08-01,ITEM_04,125,0,30,1
2026-08-01,ITEM_05,150,3,36,1
2026-08-01,ITEM_06,37,2,9,2
2026-08-01,ITEM_07,62,34,15,2
2026-08-01,ITEM_08,75,2,18,2
2026-08-02,ITEM_01,212,1,51,1
2026-08-02,ITEM_02,100,2,24,2
2026-08-02,ITEM_03,87,1,21,2
2026-08-02,ITEM_04,125,0,30,1
2026-08-02,ITEM_05,150,3,36,1
2026-08-02,ITEM_06,37,5,9,2
2026-08-02,ITEM_07,62,2,15,2
2026-08-02,ITEM_08,75,1,18,2
2026-08-03,ITEM_01,212,2,51,1
2026-08-03,ITEM_02,100,2,24,2
2026-08-03,ITEM_03,87,4,21,2
2026-08-03,ITEM_04,125,1,30,1
2026-08-03,ITEM_05,150,3,36,1
2026-08-03,ITEM_06,37,2,9,2
2026-08-03,ITEM_07,62,2,15,2
2026-08-03,ITEM_08,75,2,18,2
2026-08-04,ITEM_01,212,3,51,1
2026-08-04,ITEM_02,100,2,24,2
2026-08-04,ITEM_03,87,3,21,2
2026-08-04,ITEM_04,125,0,30,1
2026-08-04,ITEM_05,150,1,36,1
2026-08-04,ITEM_06,37,0,9,2
2026-08-04,ITEM_07,62,0,15,2
2026-08-04,ITEM_08,75,30,18,2
2026-08-05,ITEM_01,212,2,51,1
2026-08-05,ITEM_02,100,1,24,2
2026-08-05,ITEM_03,87,1,21,2
2026-08-05,ITEM_04,125,1,30,1
2026-08-05,ITEM_05,150,0,36,1
2026-08-05,ITEM_06,37,2,9,2
2026-08-05,ITEM_07,62,2,15,2
2026-08-05,ITEM_08,75,7,18,2
2026-08-06,ITEM_01,212,2,51,1
2026-08-06,ITEM_02,100,1,24,2
2026-08-06,ITEM_03,87,24,21,2
2026-08-06,ITEM_04,125,4,30,1
2026-08-06,ITEM_05,150,4,36,1
2026-08-06,ITEM_06,37,3,9,2
2026-08-06,ITEM_07,62,25,15,2
2026-08-06,ITEM_08,75,2,18,2
2026-08-07,ITEM_01,212,3,51,1
2026-08-07,ITEM_02,100,4,24,2
2026-08-07,ITEM_03,87,3,21,2
2026-08-07,ITEM_04,125,0,30,1
2026-08-07,ITEM_05,150,2,36,1
2026-08-07,ITEM_06,37,30,9,2
2026-08-07,ITEM_07,62,4,15,2
2026-08-07,ITEM_08,75,4,18,2
2026-08-08,ITEM_01,212,1,51,1
2026-08-08,ITEM_02,100,0,24,2
2026-08-08,ITEM_03,87,2,21,2
2026-08-08,ITEM_04,125,1,30,1
2026-08-08,ITEM_05,150,1,36,1
2026-08-08,ITEM_06,37,1,9,2
2026-08-08,ITEM_07,62,3,15,2
2026-08-08,ITEM_08,75,1,18,2
2026-08-09,ITEM_01,212,2,51,1
2026-08-09,ITEM_02,100,2,24,2
2026-08-09,ITEM_03,87,5,21,2
2026-08-09,ITEM_04,125,3,30,1
2026-08-09,ITEM_05,150,1,36,1
2026-08-09,ITEM_06,37,0,9,2
2026-08-09,ITEM_07,62,5,15,2
2026-08-09,ITEM_08,75,1,18,2
2026-08-10,ITEM_01,212,2,51,1
2026-08-10,ITEM_02,100,2,24,2
2026-08-10,ITEM_03,87,2,21,2
2026-08-10,ITEM_04,125,3,30,1
2026-08-10,ITEM_05,150,1,36,1
2026-08-10,ITEM_06,37,2,9,2
2026-08-10,ITEM_07,62,3,15,2
2026-08-10,ITEM_08,75,5,18,2
2026-08-11,ITEM_01,212,3,51,1
2026-08-11,ITEM_02,100,0,24,2
2026-08-11,ITEM_03,87,4,21,2
2026-08-11,ITEM_04,125,4,30,1
2026-08-11,ITEM_05,150,1,36,1
2026-08-11,ITEM_06,37,30,9,2
2026-08-11,ITEM_07,62,2,15,2
2026-08-11,ITEM_08,75,4,18,2
2026-08-12,ITEM_01,212,0,51,1
2026-08-12,ITEM_02,100,0,24,2
2026-08-12,ITEM_03,87,1,21,2
2026-08-12,ITEM_04,125,2,30,1
2026-08-12,ITEM_05,150,2,36,1
2026-08-12,ITEM_06,37,3,9,2
2026-08-12,ITEM_07,62,0,15,2
2026-08-12,ITEM_08,75,0,18,2
2026-08-13,ITEM_01,212,1,51,1
2026-08-13,ITEM_02,100,0,24,2
2026-08-13,ITEM_03,87,1,21,2
2026-08-13,ITEM_04,125,2,30,1
2026-08-13,ITEM_05,150,1,36,1
2026-08-13,ITEM_06,37,3,9,2
2026-08-13,ITEM_07,62,1,15,2
2026-08-13,ITEM_08,75,4,18,2
2026-08-14,ITEM_01,212,3,51,1
2026-08-14,ITEM_02,100,2,24,2
2026-08-14,ITEM_03,87,5,21,2
2026-08-14,ITEM_04,125,2,30,1
2026-08-14,ITEM_05,150,2,36,1
2026-08-14,ITEM_06,37,2,9,2
2026-08-14,ITEM_07,62,4,15,2
2026-08-14,ITEM_08,75,3,18,2
2026-08-15,ITEM_01,212,2,51,1
2026-08-15,ITEM_02,100,1,24,2
2026-08-15,ITEM_03,87,2,21,2
2026-08-15,ITEM_04,125,0,30,1
2026-08-15,ITEM_05,150,3,36,1
2026-08-15,ITEM_06,37,3,9,2
2026-08-15,ITEM_07,62,3,15,2
2026-08-15,ITEM_08,75,29,18,2
2026-08-16,ITEM_01,212,2,51,1
2026-08-16,ITEM_02,100,2,24,2
2026-08-16,ITEM_03,87,1,21,2
2026-08-16,ITEM_04,125,2,30,1
2026-08-16,ITEM_05,150,3,36,1
2026-08-16,ITEM_06,37,2,9,2
2026-08-16,ITEM_07,62,1,15,2
2026-08-16,ITEM_08,75,2,18,2
2026-08-17,ITEM_01,212,2,51,1
2026-08-17,ITEM_02,100,2,24,2
2026-08-17,ITEM_03,87,2,21,2
2026-08-17,ITEM_04,125,1,30,1
2026-08-17,ITEM_05,150,2,36,1
2026-08-17,ITEM_06,37,1,9,2
2026-08-17,ITEM_07,62,3,15,2
2026-08-17,ITEM_08,75,1,18,2
2026-08-18,ITEM_01,212,2,51,1
2026-08-18,ITEM_02,100,5,24,2
2026-08-18,ITEM_03,87,0,21,2
2026-08-18,ITEM_04,125,3,30,1
2026-08-18,ITEM_05,150,2,36,1
2026-08-18,ITEM_06,37,1,9,2
2026-08-18,ITEM_07,62,2,15,2
2026-08-18,ITEM_08,75,2,18,2
2026-08-19,ITEM_01,212,1,51,1
2026-08-19,ITEM_02,100,3,24,2
2026-08-19,ITEM_03,87,1,21,2
2026-08-19,ITEM_04,125,3,30,1
2026-08-19,ITEM_05,150,3,36,1
2026-08-19,ITEM_06,37,2,9,2
2026-08-19,ITEM_07,62,2,15,2
2026-08-19,ITEM_08,75,2,18,2
2026-08-20,ITEM_01,212,4,51,1
2026-08-20,ITEM_02,100,2,24,2
2026-08-20,ITEM_03,87,2,21,2
2026-08-20,ITEM_04,125,2,30,1
2026-08-20,ITEM_05,150,0,36,1
2026-08-20,ITEM_06,37,1,9,2
2026-08-20,ITEM_07,62,4,15,2
2026-08-20,ITEM_08,75,2,18,2
2026-08-21,ITEM_01,212,2,51,1
2026-08-21,ITEM_02,100,2,24,2
2026-08-21,ITEM_03,87,4,21,2
2026-08-21,ITEM_04,125,4,30,1
2026-08-21,ITEM_05,150,1,36,1
2026-08-21,ITEM_06,37,1,9,2
2026-08-21,ITEM_07,62,2,15,2
2026-08-21,ITEM_08,75,3,18,2
2026-08-22,ITEM_01,212,2,51,1
2026-08-22,ITEM_02,100,3,24,2
2026-08-22,ITEM_03,87,2,21,2
2026-08-22,ITEM_04,125,2,30,1
2026-08-22,ITEM_05,150,2,36,1
2026-08-22,ITEM_06,37,5,9,2
2026-08-22,ITEM_07,62,0,15,2
2026-08-22,ITEM_08,75,2,18,2
2026-08-23,ITEM_01,212,1,51,1
2026-08-23,ITEM_02,100,1,24,2
2026-08-23,ITEM_03,87,2,21,2
2026-08-23,ITEM_04,125,1,30,1
2026-08-23,ITEM_05,150,3,36,1
2026-08-23,ITEM_06,37,3,9,2
2026-08-23,ITEM_07,62,2,15,2
2026-08-23,ITEM_08,75,5,18,2
2026-08-24,ITEM_01,212,5,51,1
2026-08-24,ITEM_02,100,1,24,2
2026-08-24,ITEM_03,87,1,21,2
2026-08-24,ITEM_04,125,2,30,1
2026-08-24,ITEM_05,150,0,36,1
2026-08-24,ITEM_06,37,2,9,2
2026-08-24,ITEM_07,62,2,15,2
2026-08-24,ITEM_08,75,4,18,2
2026-08-25,ITEM_01,212,2,51,1
2026-08-25,ITEM_02,100,2,24,2
2026-08-25,ITEM_03,87,7,21,2
2026-08-25,ITEM_04,125,4,30,1
2026-08-25,ITEM_05,150,1,36,1
2026-08-25,ITEM_06,37,1,9,2
2026-08-25,ITEM_07,62,5,15,2
2026-08-25,ITEM_08,75,0,18,2
2026-08-26,ITEM_01,212,3,51,1
2026-08-26,ITEM_02,100,0,24,2
2026-08-26,ITEM_03,87,3,21,2
2026-08-26,ITEM_04,125,3,30,1
2026-08-26,ITEM_05,150,1,36,1
2026-08-26,ITEM_06,37,2,9,2
2026-08-26,ITEM_07,62,2,15,2
2026-08-26,ITEM_08,75,0,18,2
2026-08-27,ITEM_01,212,18,51,1
2026-08-27,ITEM_02,100,6,24,2
2026-08-27,ITEM_03,87,4,21,2
2026-08-27,ITEM_04,125,1,30,1
2026-08-27,ITEM_05,150,2,36,1
2026-08-27,ITEM_06,37,1,9,2
2026-08-27,ITEM_07,62,3,15,2
2026-08-27,ITEM_08,75,3,18,2
2026-08-28,ITEM_01,212,0,51,1
2026-08-28,ITEM_02,100,0,24,2
2026-08-28,ITEM_03,87,1,21,2
2026-08-28,ITEM_04,125,1,30,1
2026-08-28,ITEM_05,150,2,36,1
2026-08-28,ITEM_06,37,3,9,2
2026-08-28,ITEM_07,62,2,15,2
2026-08-28,ITEM_08,75,1,18,2
2026-08-29,ITEM_01,212,3,51,1
2026-08-29,ITEM_02,100,3,24,2
2026-08-29,ITEM_03,87,2,21,2
2026-08-29,ITEM_04,125,1,30,1
2026-08-29,ITEM_05,150,1,36,1
2026-08-29,ITEM_06,37,1,9,2
2026-08-29,ITEM_07,62,3,15,2
2026-08-29,ITEM_08,75,0,18,2
2026-08-30,ITEM_01,212,0,51,1
2026-08-30,ITEM_02,100,0,24,2
2026-08-30,ITEM_03,87,0,21,2
2026-08-30,ITEM_04,125,4,30,1
2026-08-30,ITEM_05,150,2,36,1
2026-08-30,ITEM_06,37,2,9,2
2026-08-30,ITEM_07,62,4,15,2
2026-08-30,ITEM_08,75,0,18,2
2026-08-31,ITEM_01,212,3,51,1
2026-08-31,ITEM_02,100,2,24,2
2026-08-31,ITEM_03,87,3,21,2
2026-08-31,ITEM_04,125,1,30,1
2026-08-31,ITEM_05,150,2,36,1
2026-08-31,ITEM_06,37,1,9,2
2026-08-31,ITEM_07,62,4,15,2
2026-08-31,ITEM_08,75,0,18,2
